alpha,seed,v_orbit,tau_var,eta_var
3.0,2,0.0,0.0,0.0
3.0,4,0.0,0.0,0.00617283950617284
3.0,5,0.0,0.0,0.00520833333333333
3.0,8,0.0,0.0,0.0
3.0,7,0.0,0.0,0.0
3.0,1,0.0,0.0,0.0
3.0,0,0.0,0.0,0.0
3.0,6,0.0,0.0,0.0
3.0,9,0.0,0.0,0.00617283950617284
3.0,3,0.0,0.0,0.0
3.0,10,0.0,0.0,0.006172839506172844
3.0,11,0.0,0.0,0.0
3.0,13,0.0,0.0,0.0
3.0,12,0.0,0.0,0.0
3.0,16,0.0,0.0,0.0
3.0,14,0.0,0.0,0.0
3.0,18,0.0,0.0,0.0
3.0,15,0.0,0.0,0.0
3.0,19,0.0,0.0,0.006172839506172827
3.0,17,0.0,0.0,0.0
3.0,21,0.0,0.0,0.0
3.0,22,0.0,0.0,0.0
3.0,20,0.0,0.0,0.0
3.0,23,0.010921914805952481,0.7875,0.014022453703703704
3.0,25,0.0,0.0,0.0
3.0,26,0.0,0.0,0.0
3.0,28,0.0,0.0,0.0
3.0,24,0.0,0.0,0.0
3.0,27,0.0,0.0,0.0
3.0,29,0.0,0.0,0.00617283950617284
3.0,30,0.0,0.0,0.0
3.0,31,0.0,0.0,0.0
3.0,32,0.0,0.0,0.0
3.0,33,0.0,0.0,0.0
3.0,34,0.0,0.0,0.0
3.0,36,0.0,0.0,0.0
3.0,35,0.0,0.0,0.0
3.0,37,0.0,0.0,0.0
3.0,38,0.0,0.0,0.00617283950617284
3.0,39,0.0,0.0,0.0
3.0,40,0.0,0.0,0.0
3.0,41,0.0,0.0,0.0
3.0,42,0.0,0.0,0.00617283950617284
3.0,43,0.0,0.0,0.0
3.0,44,0.0,0.0,0.0
3.0,45,0.33480049236467224,0.7497222222222223,0.5043922839506172
3.0,46,0.10288815984184489,0.7875,0.13028970336076817
3.0,47,0.0,0.0,0.0
3.0,49,0.0,0.0,0.0
3.0,48,0.0,0.0,0.0
3.2,0,0.0,0.0,0.0
3.2,1,0.0,0.0,0.0
3.2,2,0.0,0.0,0.0
3.2,3,0.0,0.0,4.930380657631324e-32
3.2,4,0.0,0.0,0.006172839506172841
3.2,6,0.0,0.0,0.0
3.2,5,0.0,0.0,0.0
3.2,7,0.0,0.0,0.0
3.2,8,0.0,0.0,0.0
3.2,9,0.0,0.0,0.00617283950617284
3.2,10,0.1802426179150845,0.7875,0.23244259259259256
3.2,11,0.0,0.0,0.0
3.2,12,0.0,0.0,0.0
3.2,13,0.0,0.0,0.0
3.2,14,0.0,0.0,0.0
3.2,15,0.0,0.0,0.0
3.2,16,0.0,0.0,0.0
3.2,17,0.0,0.0,0.0
3.2,18,0.0,0.0,0.0
3.2,19,0.0,0.0,0.0
3.2,20,0.0,0.0,0.0
3.2,21,0.0,0.0,0.0
3.2,22,0.0,0.0,0.00617283950617284
3.2,23,0.00784758231278569,0.7875,0.01327283950617284
3.2,24,0.0,0.0,0.0
3.2,25,0.0,0.0,0.0
3.2,26,0.0,0.0,0.0
3.2,27,0.0,0.0,0.0
3.2,28,0.0,0.0,0.0
3.2,29,0.0,0.0,0.00617283950617284
3.2,31,0.0,0.0,0.0
3.2,30,0.0,0.0,0.0
3.2,32,0.0,0.0,0.00617283950617284
3.2,33,0.0,0.0,0.0
3.2,34,0.0,0.0,0.0
3.2,35,0.0,0.0,0.0
3.2,36,0.0,0.0,0.0
3.2,37,0.0,0.0,0.00617283950617284
3.2,38,0.0,0.0,0.0
3.2,39,0.03754082803151493,0.7875,0.0476238340192044
3.2,40,0.0,0.0,0.0
3.2,41,0.0,0.0,0.0
3.2,42,0.0,0.0,0.00617283950617284
3.2,43,0.0,0.0,0.0
3.2,44,0.0,0.0,0.00617283950617284
3.2,45,0.0,0.0,0.0
3.2,46,0.0874853693025199,0.7875,0.13851529492455417
3.2,47,0.0,0.0,0.0
3.2,48,0.0,0.0,0.006172839506172836
3.2,49,0.0,0.0,0.0
3.4,1,0.0,0.0,0.0
3.4,0,0.0,0.0,0.0
3.4,2,0.0,0.0,0.0
3.4,3,0.0,0.0,4.930380657631324e-32
3.4,4,0.0,0.0,0.006172839506172837
3.4,5,0.0,0.0,0.0
3.4,6,0.0,0.0,0.0
3.4,7,0.0,0.0,0.0
3.4,8,0.0,0.0,0.0
3.4,9,0.0,0.0,0.0
3.4,11,0.0,0.0,0.0
3.4,10,0.20305872976878325,0.7875,0.2657649091220851
3.4,12,0.0,0.0,0.0
3.4,13,0.0,0.0,0.0
3.4,14,0.0,0.0,0.0
3.4,15,0.0,0.0,0.0
3.4,16,0.0,0.0,0.0
3.4,17,0.0,0.0,0.0
3.4,18,0.0,0.0,0.0
3.4,19,0.0,0.0,0.00617283950617284
3.4,21,0.0,0.0,0.0
3.4,20,0.0,0.0,0.0
3.4,22,0.0,0.0,0.0
3.4,23,0.01355470915600984,0.7875,0.01750562414266118
3.4,24,0.0,0.0,0.0
3.4,25,0.0,0.0,0.0
3.4,26,0.0,0.0,0.0
3.4,27,0.0,0.0,0.0
3.4,28,0.0,0.0,0.005208333333333338
3.4,29,0.0,0.0,0.0
3.4,30,0.0,0.0,0.0
3.4,31,0.0,0.0,0.005208333333333335
3.4,32,0.0,0.0,0.0
3.4,33,0.0,0.0,0.0
3.4,34,0.0,0.0,0.0
3.4,35,0.0,0.0,0.0
3.4,36,0.0,0.0,0.0
3.4,37,0.0,0.0,0.0
3.4,38,0.0,0.0,0.0
3.4,39,0.007535222192776629,0.7875,0.018942824074074074
3.4,40,0.0,0.0,0.0
3.4,41,0.0,0.0,0.0
3.4,42,0.0,0.0,0.00617283950617284
3.4,43,0.0,0.0,0.0
3.4,44,0.0,0.0,0.00617283950617284
3.4,45,0.0183666208218157,0.3733333333333333,0.06329043209876543
3.4,47,0.0,0.0,0.0
3.4,46,0.19701013422675973,0.7875,0.2494798611111111
3.4,48,0.0,0.0,4.930380657631324e-32
3.4,49,0.0,0.0,0.0
3.6,0,0.0,0.0,0.0
3.6,1,0.0,0.0,0.0
3.6,2,0.0,0.0,0.0
3.6,3,0.0,0.0,0.006172839506172837
3.6,4,0.0,0.0,0.006172839506172837
3.6,5,0.0,0.0,0.0
3.6,6,0.0,0.0,0.0
3.6,7,0.011482498679784382,0.7875,0.13755833333333334
3.6,8,0.0,0.0,0.0
3.6,9,0.0,0.0,0.0
3.6,10,0.0,0.0,0.006172839506172844
3.6,11,0.0,0.0,0.0
3.6,13,0.0,0.0,0.0
3.6,12,0.0,0.0,0.0
3.6,14,0.0,0.0,0.0
3.6,15,0.0,0.0,0.0
3.6,17,0.0,0.0,0.0
3.6,16,0.0,0.0,0.0
3.6,18,0.0,0.0,0.0
3.6,19,0.0,0.0,0.0
3.6,20,0.0,0.0,0.0
3.6,21,0.0,0.0,0.0
3.6,23,0.0075528405430970585,0.7875,0.009649554183813441
3.6,22,0.0,0.0,0.0
3.6,24,0.0,0.0,0.0
3.6,25,0.0,0.0,0.0
3.6,26,0.0,0.0,0.0
3.6,27,0.0,0.0,0.0
3.6,28,0.0,0.0,0.0
3.6,29,0.0,0.0,0.006172839506172827
3.6,30,0.0,0.0,4.930380657631324e-32
3.6,31,0.0,0.0,0.0
3.6,32,0.0,0.0,0.0
3.6,33,0.12428134653326887,0.3733333333333333,0.37208268175583
3.6,34,0.0,0.0,0.0
3.6,37,0.0,0.0,0.0
3.6,36,0.0,0.0,0.0
3.6,35,0.0,0.0,0.0
3.6,38,0.0,0.0,0.0
3.6,40,0.0,0.0,0.0
3.6,39,0.0,0.0,0.0
3.6,41,0.0,0.0,0.0
3.6,42,0.0,0.0,0.00617283950617284
3.6,43,0.0,0.0,0.0
3.6,44,0.0,0.0,0.00617283950617284
3.6,45,0.0,0.0,4.930380657631324e-32
3.6,46,1.0254991304953371,0.7875,1.4556469135802468
3.6,47,0.0,0.0,0.0
3.6,48,0.0,0.0,0.0
3.6,49,0.0,0.0,0.0
3.8,1,0.0,0.0,0.0
3.8,0,0.0,0.0,3.1554436208840472e-30
3.8,2,0.0,0.0,0.0
3.8,3,0.0,0.0,0.006172839506172837
3.8,4,0.0,0.0,0.006172839506172835
3.8,5,0.0,0.0,0.0
3.8,6,0.0,0.0,0.005208333333333339
3.8,7,0.03179074630387977,0.7875,0.09136875000000001
3.8,9,0.0,0.0,0.0
3.8,8,0.0,0.0,0.0
3.8,10,0.0,0.0,0.006172839506172844
3.8,11,0.0,0.0,0.0
3.8,12,0.0,0.0,0.0
3.8,13,0.0,0.0,0.0
3.8,14,0.0,0.0,0.0
3.8,15,0.0,0.0,0.0
3.8,16,0.0,0.0,0.0
3.8,17,0.0,0.0,0.0
3.8,18,0.0,0.0,0.006172839506172835
3.8,19,0.0,0.0,0.00617283950617284
3.8,20,0.0,0.0,0.0
3.8,21,0.0,0.0,0.0
3.8,22,0.0,0.0,0.0
3.8,23,0.0,0.0,0.0
3.8,24,0.0,0.0,0.0
3.8,25,0.0,0.0,0.0
3.8,26,0.0,0.0,0.0
3.8,27,0.0,0.0,0.0
3.8,28,0.023808684794404213,0.7875,0.030580999228395057
3.8,29,0.0,0.0,0.00617283950617284
3.8,30,0.0,0.0,0.0
3.8,31,0.0,0.0,0.0
3.8,32,0.0,0.0,0.0
3.8,33,0.0,0.0,4.930380657631324e-32
3.8,34,0.0,0.0,0.0
3.8,35,0.0,0.0,0.0
3.8,36,0.0,0.0,0.0
3.8,37,0.0,0.0,0.0
3.8,38,0.0,0.0,0.0
3.8,40,0.0,0.0,0.0
3.8,39,0.0,0.0,0.006172839506172836
3.8,41,0.0,0.0,0.0
3.8,42,0.16206136246254552,0.7875,0.24463630829903976
3.8,43,0.0,0.0,0.00617283950617284
3.8,44,0.0,0.0,0.0
3.8,45,0.0,0.0,0.0
3.8,46,0.8128184137681566,0.7875,1.3397301097393688
3.8,47,0.0,0.0,0.0
3.8,48,0.0,0.0,0.0
3.85,1,0.0,0.0,0.0
3.8,49,0.0,0.0,0.0
3.85,0,0.0,0.0,3.1554436208840472e-30
3.85,2,0.0,0.0,0.0
3.85,3,0.0,0.0,0.006172839506172837
3.85,4,0.0,0.0,0.006172839506172846
3.85,5,0.0,0.0,0.0
3.85,6,0.0,0.0,0.0
3.85,7,0.019729766848949948,0.7875,0.09661111111111112
3.85,8,0.0,0.0,0.0
3.85,9,0.0,0.0,0.0
3.85,11,0.0,0.0,0.0
3.85,10,0.0,0.0,0.006172839506172829
3.85,12,0.0,0.0,0.0
3.85,13,0.0,0.0,0.0
3.85,15,0.0,0.0,0.0
3.85,14,0.0,0.0,0.0
3.85,16,0.0,0.0,0.0
3.85,17,0.0,0.0,4.930380657631324e-32
3.85,18,0.0,0.0,0.0
3.85,19,0.0,0.0,0.00617283950617284
3.85,21,0.0,0.0,0.0
3.85,20,0.10823196333959426,0.7875,0.14396265432098765
3.85,22,0.0,0.0,0.0
3.85,23,0.0,0.0,0.0
3.85,24,0.0,0.0,0.0
3.85,25,0.0,0.0,0.0
3.85,26,0.0,0.0,0.0
3.85,28,0.023808684794404213,0.7875,0.030580999228395057
3.85,27,0.0,0.0,0.0
3.85,29,0.0,0.0,0.00617283950617284
3.85,30,0.0,0.0,0.0
3.85,31,0.0,0.0,0.0
3.85,32,0.0,0.0,0.0
3.85,35,0.0,0.0,0.0
3.85,33,0.0,0.0,4.930380657631324e-32
3.85,34,0.0,0.0,0.0
3.85,36,0.0,0.0,0.0
3.85,38,0.0,0.0,0.0
3.85,37,0.0,0.0,0.0
3.85,39,0.0,0.0,0.006172839506172836
3.85,40,0.0,0.0,0.0
3.85,41,0.0,0.0,0.0
3.85,42,0.16206136246254552,0.7875,0.2446363082990398
3.85,43,0.0,0.0,0.00617283950617284
3.85,45,0.0,0.0,0.0
3.85,44,0.0,0.0,0.0
3.85,46,0.8128184137681566,0.7875,1.3397301097393688
3.85,48,0.0,0.0,0.0
3.85,47,0.0,0.0,0.0
3.85,49,0.0,0.0,0.0
3.9,0,0.0005158351726081393,0.1388888888888889,0.871759259259259
3.9,1,0.0,0.0,0.0
3.9,2,0.0,0.0,0.0
3.9,3,0.0,0.0,0.006172839506172837
3.9,4,0.0,0.0,0.006172839506172835
3.9,5,0.0,0.0,0.0
3.9,6,0.0,0.0,0.0
3.9,7,0.019729766848949948,0.7875,0.09661111111111112
3.9,8,0.0,0.0,0.0
3.9,9,0.0,0.0,0.0
3.9,10,0.0,0.0,0.0
3.9,11,0.0,0.0,0.0
3.9,12,0.0,0.0,0.0
3.9,13,0.0,0.0,0.0
3.9,14,0.0,0.0,0.0
3.9,15,0.0,0.0,0.0
3.9,16,0.0,0.0,0.0
3.9,18,0.0,0.0,0.0
3.9,17,0.08317142685811886,0.7875,0.10551319444444442
3.9,19,0.0,0.0,0.00617283950617284
3.9,21,0.0,0.0,0.0
3.9,20,0.0,0.0,0.0
3.9,22,0.0,0.0,0.0
3.9,23,0.0,0.0,0.0
3.9,24,0.0,0.0,0.0
3.9,25,0.0,0.0,0.0
3.9,26,0.0,0.0,0.0
3.9,27,0.0,0.0,0.0
3.9,28,0.0,0.0,0.005208333333333338
3.9,29,0.0,0.0,0.00617283950617284
3.9,31,0.0,0.0,0.0
3.9,30,0.0,0.0,0.0
3.9,32,0.0,0.0,0.0
3.9,33,0.0,0.0,4.930380657631324e-32
3.9,35,0.0,0.0,0.0
3.9,34,0.0,0.0,0.0
3.9,36,0.0,0.0,0.0
3.9,37,0.0,0.0,0.0
3.9,38,0.0,0.0,0.0
3.9,39,0.0,0.0,0.0
3.9,40,0.0,0.0,0.0
3.9,41,0.0,0.0,0.0
3.9,42,0.16206136246254552,0.7875,0.2446363082990398
3.9,43,0.0,0.0,0.006172839506172844
3.9,44,0.0,0.0,0.0
3.9,45,0.0,0.0,0.0
3.9,47,0.0,0.0,0.0
3.9,46,0.0,0.0,0.006172839506172844
3.9,48,0.0,0.0,0.0
3.9,49,0.0,0.0,0.0
3.95,1,0.0,0.0,0.0
3.95,0,0.0008059924572002792,0.1388888888888889,0.9326774691358022
3.95,2,0.0,0.0,0.0
3.95,3,0.0,0.0,0.006172839506172837
3.95,4,0.0,0.0,0.006172839506172844
3.95,5,0.0,0.0,0.0
3.95,6,0.0,0.0,0.0
3.95,7,0.019729766848949948,0.7875,0.09661111111111112
3.95,8,0.0,0.0,0.0
3.95,9,0.0,0.0,0.0
3.95,10,0.0,0.0,0.00617283950617284
3.95,11,0.0,0.0,0.00617283950617284
3.95,12,0.0,0.0,0.0
3.95,13,0.0,0.0,0.0
3.95,15,0.0,0.0,0.0
3.95,14,0.0,0.0,0.0
3.95,16,0.0,0.0,0.0
3.95,17,0.08317142685811886,0.7875,0.10551319444444442
3.95,18,0.0,0.0,0.0
3.95,19,0.0,0.0,0.0
3.95,20,9.800968834353336e-18,0.13888888888888887,0.14830246913580242
3.95,21,0.0,0.0,0.0
3.95,22,0.0,0.0,0.00617283950617284
3.95,23,0.0,0.0,0.0
3.95,24,0.0,0.0,0.0
3.95,25,0.0,0.0,0.0
3.95,26,0.0,0.0,0.0
3.95,27,0.0,0.0,0.00617283950617284
3.95,28,0.023808684794404213,0.7875,0.030580999228395057
3.95,29,0.0,0.0,0.00617283950617284
3.95,30,0.0,0.0,0.0
3.95,31,0.0,0.0,0.0
3.95,32,0.0,0.0,0.0
3.95,33,0.0,0.0,4.930380657631324e-32
3.95,34,0.0,0.0,0.0
3.95,35,0.0,0.0,0.0
3.95,36,0.0,0.0,0.0
3.95,37,0.0,0.0,0.0
3.95,38,0.0,0.0,0.00617283950617284
3.95,39,0.0,0.0,0.0
3.95,40,0.0,0.0,0.0
3.95,41,0.0,0.0,0.0
3.95,42,0.16206136246254552,0.7875,0.2446363082990398
3.95,43,0.0,0.0,0.00617283950617284
3.95,44,0.0,0.0,0.0
3.95,45,0.0,0.0,0.0
3.95,46,0.0,0.0,0.006172839506172844
3.95,47,0.0,0.0,0.0
3.95,48,0.0,0.0,0.0
3.95,49,0.0,0.0,0.0
4.0,1,0.0,0.0,0.0
4.0,2,0.0,0.0,0.0
4.0,0,0.0005158351726081325,0.1388888888888889,0.6162037037037043
4.0,3,0.0,0.0,0.006172839506172837
4.0,5,0.0,0.0,0.0
4.0,4,0.0,0.0,0.006450617283950572
4.0,6,0.0,0.0,0.0
4.0,7,0.019729766848949948,0.7875,0.09661111111111112
4.0,8,0.0,0.0,0.0
4.0,9,0.0,0.0,1.9721522630525295e-31
4.0,10,0.0,0.0,0.00617283950617284
4.0,11,0.0,0.0,0.0
4.0,12,0.0,0.0,4.930380657631324e-32
4.0,13,0.0,0.0,0.0
4.0,14,0.0,0.0,0.0
4.0,15,0.0,0.0,0.0
4.0,16,0.0,0.0,0.0
4.0,17,0.0,0.0,0.006172839506172841
4.0,18,0.0,0.0,0.0
4.0,19,0.0,0.0,0.0
4.0,21,0.0,0.0,0.0
4.0,20,0.0,0.13888888888888887,0.12098765432098749
4.0,22,0.0,0.0,0.00617283950617284
4.0,23,0.0,0.0,0.0
4.0,25,0.0,0.0,0.0
4.0,24,0.0,0.0,0.0
4.0,26,0.0,0.0,0.0
4.0,27,0.0,0.0,0.0
4.0,28,0.023808684794404213,0.7875,0.030580999228395057
4.0,29,0.0,0.0,0.006172839506172827
4.0,31,0.0,0.0,0.0
4.0,32,0.0,0.0,0.0
4.0,30,0.0,0.0,0.0
4.0,33,0.0,0.0,0.0
4.0,35,0.0,0.0,0.0
4.0,34,0.0,0.0,0.0
4.0,36,0.0,0.0,0.0
4.0,37,0.0,0.0,0.0
4.0,38,0.0,0.0,0.00617283950617284
4.0,39,0.0,0.0,0.0
4.0,40,0.0,0.0,0.0
4.0,41,0.0,0.0,0.0
4.0,42,0.16206136246254552,0.7875,0.2446363082990398
4.0,45,0.0,0.0,0.0
4.0,43,0.0,0.0,0.00617283950617284
4.0,44,0.0,0.0,0.0
4.0,46,0.0,0.0,0.006172839506172844
4.0,47,0.0,0.0,0.0
4.0,48,0.0,0.0,0.0
4.0,49,0.0,0.0,0.0
4.05,1,0.0,0.0,0.0
4.05,0,0.0,0.0,0.006172839506172829
4.05,2,0.0,0.0,0.0
4.05,3,0.0,0.0,0.006172839506172836
4.05,5,0.0,0.0,0.0
4.05,4,0.09016362306003883,0.37333333333333335,3.41590109739369
4.05,6,0.0,0.0,0.0
4.05,7,0.019729766848949948,0.7875,0.09661111111111112
4.05,9,0.0,0.0,0.0
4.05,8,0.0,0.0,0.0
4.05,12,0.0,0.0,4.930380657631324e-32
4.05,11,0.0,0.0,0.0
4.05,10,0.0,0.0,0.006172839506172829
4.05,13,0.0,0.0,0.0
4.05,14,0.0,0.0,0.0
4.05,15,0.0,0.0,0.0
4.05,16,0.0,0.0,0.0
4.05,17,0.0,0.0,0.00617283950617284
4.05,18,0.0,0.0,0.0
4.05,19,0.0,0.0,0.0
4.05,20,0.0,0.13888888888888887,0.13888888888888887
4.05,21,0.0,0.0,0.0
4.05,22,0.0,0.0,0.00617283950617284
4.05,23,0.0,0.0,0.0
4.05,24,0.0,0.0,0.0
4.05,25,0.0,0.0,0.0
4.05,27,0.0,0.0,0.0
4.05,26,0.0,0.0,0.0
4.05,28,0.0,0.0,0.0
4.05,29,0.0,0.0,0.0
4.05,31,0.0,0.0,0.0
4.05,30,0.0,0.0,0.0
4.05,32,0.0,0.0,0.0
4.05,33,0.0,0.0,0.0
4.05,34,0.0,0.0,0.00617283950617284
4.05,35,0.0,0.0,0.0
4.05,36,0.0,0.0,0.0
4.05,37,0.0,0.0,0.0
4.05,38,0.0,0.0,0.00617283950617284
4.05,39,0.0,0.0,0.0
4.05,40,0.0,0.0,0.0
4.05,41,0.0,0.0,0.0
4.05,42,0.16206136246254552,0.7875,0.2446363082990398
4.05,43,0.0,0.0,0.0
4.05,44,0.0,0.0,0.0
4.05,45,0.0,0.0,0.0
4.05,46,0.0,0.0,0.006172839506172844
4.05,47,0.0,0.0,0.0
4.05,48,0.0048367594460704015,0.7875,0.006892283950617285
4.05,49,0.0,0.0,0.0
4.1,0,0.0,0.0,0.006172839506172829
4.1,1,0.0,0.0,0.0
4.1,2,0.0,0.0,0.0
4.1,3,0.0,0.0,0.006172839506172836
4.1,4,0.09016362306003868,0.37333333333333335,3.41590109739369
4.1,5,0.0,0.0,0.0
4.1,6,0.0,0.0,0.0
4.1,8,0.0,0.0,0.0
4.1,7,0.0,0.0,1.9721522630525295e-31
4.1,9,0.0,0.0,0.0
4.1,10,0.0,0.0,0.0
4.1,11,0.0,0.0,0.0
4.1,12,0.0,0.0,4.930380657631324e-32
4.1,13,0.0,0.0,0.0
4.1,15,0.0,0.0,0.0
4.1,14,0.0,0.0,0.0
4.1,16,0.0,0.0,0.0
4.1,18,0.0,0.0,0.0
4.1,17,0.04803616520395154,0.7875,0.06083782578875173
4.1,19,0.0,0.0,0.0
4.1,20,0.00029015728459204755,0.13888888888888887,0.16508487654320977
4.1,22,0.0,0.0,0.00617283950617284
4.1,21,0.0,0.0,0.0
4.1,23,0.0,0.0,0.0
4.1,24,0.0,0.0,0.0
4.1,25,0.0,0.0,0.0
4.1,26,0.0,0.0,0.0
4.1,27,0.0,0.0,0.0
4.1,28,0.0,0.0,0.0
4.1,29,0.0,0.0,0.0
4.1,30,0.0,0.0,0.0
4.1,31,0.0,0.0,0.0
4.1,32,0.0,0.0,0.0
4.1,34,0.0,0.0,0.006172839506172838
4.1,33,0.0,0.0,0.0
4.1,35,0.0,0.0,0.0
4.1,36,0.0,0.0,0.0
4.1,38,0.0,0.0,0.00617283950617284
4.1,37,0.0,0.0,0.0
4.1,39,0.0,0.0,0.0
4.1,40,0.0,0.0,0.0
4.1,41,0.0,0.0,0.00617283950617284
4.1,42,0.21897733871607333,0.7875,0.2991233196159122
4.1,44,0.0,0.0,0.0
4.1,43,0.0,0.0,0.0
4.1,45,0.0,0.0,0.0
4.1,46,0.0,0.0,0.006172839506172844
4.1,47,0.0,0.0,0.0
4.1,48,0.0048367594460704015,0.7875,0.006892283950617285
4.1,49,0.0,0.0,0.0
4.15,1,0.0,0.0,0.0
4.15,0,0.0,0.0,0.006172839506172829
4.15,2,0.0,0.0,0.0
4.15,3,0.0,0.0,0.006172839506172836
4.15,5,0.0,0.0,0.0
4.15,4,0.227081042219176,0.3733333333333333,5.214183950617284
4.15,6,0.0,0.0,0.0
4.15,7,0.0,0.0,0.0
4.15,8,0.0,0.0,0.0
4.15,10,0.0,0.0,0.0
4.15,9,0.0,0.0,0.0
4.15,11,0.0,0.0,0.0
4.15,12,0.0,0.0,4.930380657631324e-32
4.15,13,0.0,0.0,0.0
4.15,14,0.0,0.0,0.0
4.15,15,0.0,0.0,4.930380657631324e-32
4.15,17,0.0,0.0,0.0
4.15,16,0.0,0.0,0.0
4.15,18,0.0,0.0,0.0
4.15,19,0.0,0.0,0.0
4.15,21,0.0,0.0,0.0
4.15,22,0.0,0.0,0.0
4.15,20,0.0005158351726081096,0.13888888888888887,0.19274691358024698
4.15,23,0.0,0.0,0.0
4.15,24,0.7444876550971291,0.3733333333333333,4.9355061728395055
4.15,25,0.0,0.0,0.0
4.15,27,0.0,0.0,0.0
4.15,26,0.0,0.0,0.0
4.15,28,0.0,0.0,0.0
4.15,29,0.0,0.0,0.0
4.15,30,0.0,0.0,0.0
4.15,31,0.0,0.0,0.0
4.15,32,0.0,0.0,0.0
4.15,33,0.0,0.0,0.0
4.15,35,0.0,0.0,0.0
4.15,34,0.0,0.0,0.0
4.15,36,0.0,0.0,0.0
4.15,37,0.0,0.0,0.0
4.15,38,0.0,0.0,0.00617283950617284
4.15,39,0.0,0.0,0.0
4.15,40,0.0,0.0,0.0
4.15,41,0.0,0.0,0.0
4.15,42,0.21897733871607333,0.7875,0.2991233196159122
4.15,43,0.0,0.0,0.0
4.15,45,0.0,0.0,0.0
4.15,44,0.0,0.0,0.0
4.15,47,0.0,0.0,0.0
4.15,46,0.0,0.0,0.006172839506172844
4.15,48,0.0048367594460704015,0.7875,0.006892283950617285
4.15,49,0.0,0.0,0.0
4.2,0,0.05146131476212072,0.3733333333333333,0.9163902177640608
4.2,2,0.0,0.0,0.0
4.2,1,0.0,0.0,0.0
4.2,3,0.0,0.0,0.006172839506172836
4.2,5,0.0,0.0,0.0
4.2,4,0.03713944694015597,0.3733333333333333,2.3656172753772298
4.2,6,0.0,0.0,0.005208333333333338
4.2,7,0.0,0.0,0.0
4.2,8,0.0,0.0,0.0
4.2,9,0.0,0.0,0.0
4.2,11,0.0,0.0,0.0
4.2,10,0.0,0.0,0.0
4.2,13,0.0,0.0,0.0
4.2,14,0.0,0.0,0.0
4.2,12,0.0,0.0,4.930380657631324e-32
4.2,15,0.0,0.0,4.930380657631324e-32
4.2,16,0.0,0.0,0.0
4.2,17,0.0,0.0,0.0
4.2,18,0.0,0.0,0.0
4.2,19,0.0,0.0,0.0
4.2,20,0.0,0.0,0.006172839506172836
4.2,21,0.0,0.0,0.0
4.2,22,0.0,0.0,0.0
4.2,24,6.043213733079799,0.7497222222222222,8.714800231481481
4.2,23,0.0,0.0,0.0
4.2,25,0.0,0.0,0.0
4.2,26,0.0,0.0,0.0
4.2,27,0.0,0.0,0.0
4.2,28,0.0,0.0,0.005208333333333351
4.2,29,0.0,0.0,0.0
4.2,30,0.0,0.0,0.0
4.2,31,0.0,0.0,0.0
4.2,33,0.0,0.0,0.0
4.2,32,0.0,0.0,0.0
4.2,35,0.0,0.0,0.0
4.2,34,0.0,0.0,0.0
4.2,36,0.0,0.0,0.0
4.2,37,0.0,0.0,0.0
4.2,38,0.0,0.0,0.0
4.2,39,0.0,0.0,0.0
4.2,40,0.0,0.0,0.0
4.2,41,0.0,0.0,0.0
4.2,42,0.18142361165291704,0.9566666666666666,0.21367622599451305
4.2,43,0.0,0.0,0.0
4.2,45,0.0,0.0,0.0
4.2,44,0.0,0.0,0.0
4.2,47,0.0,0.0,0.0
4.2,46,0.0,0.0,0.0
4.2,48,0.0048367594460704015,0.7875,0.006892283950617285
4.2,49,0.0,0.0,0.0
4.25,0,0.10184737913104255,0.3733333333333333,0.7569620284636489
4.25,1,0.0,0.0,0.0
4.25,2,0.0,0.0,0.0
4.25,3,0.0,0.0,0.006172839506172836
4.25,5,0.0,0.0,0.0
4.25,4,0.062446510794173314,0.3733333333333333,2.876416358024691
4.25,6,0.0,0.0,0.005208333333333339
4.25,7,0.0,0.0,4.930380657631324e-32
4.25,8,0.0,0.0,0.0
4.25,9,0.0,0.0,4.930380657631324e-32
4.25,10,0.0,0.0,0.0
4.25,11,0.0,0.0,0.00617283950617284
4.25,12,0.0,0.0,4.930380657631324e-32
4.25,13,0.0,0.0,0.0
4.25,15,0.0,0.0,7.888609052210118e-31
4.25,14,0.0,0.0,0.0
4.25,16,0.0,0.0,0.0
4.25,17,0.0,0.0,0.0
4.25,18,0.0,0.0,0.0
4.25,19,0.0,0.0,0.0
4.25,20,0.0,0.0,0.006172839506172836
4.25,21,0.0,0.0,0.0
4.25,22,0.0,0.0,0.0
4.25,23,0.0,0.0,0.01446759259259259
4.25,24,8.399951235521955,0.7497222222222222,12.062300231481482
4.25,25,0.0,0.0,0.0
4.25,26,0.0,0.0,0.0
4.25,27,0.0,0.0,0.0
4.25,28,0.0,0.0,0.005208333333333351
4.25,29,0.0,0.0,0.0
4.25,30,0.0,0.0,0.0
4.25,31,0.0,0.0,0.0
4.25,32,0.0,0.0,0.0
4.25,33,0.0,0.0,1.9721522630525295e-31
4.25,34,0.0,0.0,0.0
4.25,35,0.0,0.0,0.0
4.25,36,0.0,0.0,0.0
4.25,37,0.0,0.0,0.0
4.25,38,0.0,0.0,0.00617283950617284
4.25,39,0.0,0.0,0.0
4.25,40,0.0,0.0,0.0
4.25,41,0.0,0.0,0.0
4.25,42,0.2438485304464905,0.9566666666666666,0.2857462620027435
4.25,44,0.0,0.0,0.0
4.25,43,0.0006770336640478541,0.13888888888888887,15.268788580246907
4.25,45,0.0,0.0,0.0
4.25,46,0.0,0.0,0.005208333333333324
4.25,47,0.0,0.0,0.0
4.25,48,0.0048367594460704015,0.7875,0.006892283950617285
4.25,49,0.0,0.0,0.0
4.3,1,0.0,0.0,0.0
4.3,0,0.06312012504417741,0.3733333333333333,0.8675268432784631
4.3,2,0.0,0.0,0.0
4.3,3,0.0,0.0,0.0
4.3,4,0.0,0.0,0.0
4.3,5,0.0,0.0,0.0
4.3,6,0.0,0.0,0.005208333333333339
4.3,7,0.0,0.0,0.0
4.3,8,0.0,0.0,0.0
4.3,9,0.0,0.0,4.930380657631324e-32
4.3,10,0.0,0.0,0.0
4.3,11,0.0,0.0,0.00617283950617284
4.3,12,0.0,0.0,4.930380657631324e-32
4.3,13,0.0,0.0,0.0
4.3,14,0.0,0.0,0.0
4.3,15,0.0,0.0,7.888609052210118e-31
4.3,16,0.0,0.0,0.0
4.3,17,0.0,0.0,0.0
4.3,18,0.0,0.0,0.0
4.3,19,0.0,0.0,0.0
4.3,20,0.0,0.0,0.0
4.3,21,0.0,0.0,0.00617283950617284
4.3,22,0.0,0.0,0.0
4.3,23,0.0,0.0,0.01446759259259259
4.3,25,0.0,0.0,0.0
4.3,24,0.28536629004251163,0.3733333333333333,3.3230987654320985
4.3,26,0.0,0.0,0.0
4.3,27,0.0,0.0,0.0
4.3,28,0.0,0.0,0.0
4.3,29,0.0,0.0,0.0
4.3,31,0.0,0.0,0.0
4.3,30,0.0,0.0,0.0
4.3,32,0.0,0.0,0.0
4.3,33,0.0,0.0,0.004444444444444459
4.3,35,0.0,0.0,0.0
4.3,34,0.0,0.0,0.0
4.3,36,0.0,0.0,0.0
4.3,37,0.0,0.0,0.0
4.3,38,0.0,0.0,0.00617283950617284
4.3,39,0.0,0.0,0.0
4.3,40,0.0,0.0,0.0
4.3,41,0.0,0.0,0.006172839506172844
4.3,42,0.2597100553541291,0.9566666666666666,0.2714766375171468
4.3,43,0.0006770336640478931,0.13888888888888887,16.455825617283953
4.3,44,0.0,0.0,0.0
4.3,45,0.0,0.0,0.0
4.3,46,0.0,0.0,0.00520833333333333
4.3,47,0.0,0.0,0.0
4.3,48,0.0738285479949164,0.7875,0.15120696159122082
4.3,49,0.0,0.0,0.0
4.35,1,0.0,0.0,0.0
4.35,0,0.2749742425587372,0.3733333333333333,2.761559122085047
4.35,2,0.0,0.0,0.0
4.35,4,0.0,0.0,0.0
4.35,3,0.0,0.0,0.0
4.35,5,0.0,0.0,0.0
4.35,6,0.0,0.0,0.005208333333333339
4.35,7,0.0,0.0,0.0
4.35,8,0.0,0.0,0.0
4.35,9,0.0,0.0,4.930380657631324e-32
4.35,10,0.0,0.0,0.0
4.35,11,0.0,0.0,0.00617283950617284
4.35,12,0.0,0.0,4.930380657631324e-32
4.35,13,0.0,0.0,0.0
4.35,14,0.0,0.0,0.0
4.35,16,0.0,0.0,0.0
4.35,17,0.0,0.0,0.0
4.35,15,0.0,0.0,7.888609052210118e-31
4.35,18,0.0,0.0,0.0
4.35,19,0.0,0.0,0.0
4.35,20,0.0,0.0,0.0
4.35,21,0.0,0.0,0.0
4.35,22,0.0,0.0,0.0
4.35,23,0.0,0.0,0.01446759259259259
4.35,24,8.830731507147867,0.7497222222222222,12.673572453703704
4.35,26,0.0,0.0,0.0
4.35,27,0.0,0.0,0.0
4.35,25,0.0,0.0,0.0
4.35,28,0.0,0.0,0.0
4.35,29,0.0,0.0,0.0
4.35,30,0.0,0.0,0.0
4.35,31,0.0,0.0,0.0
4.35,32,0.0,0.0,0.0
4.35,33,0.0,0.0,0.00444444444444446
4.35,34,0.0,0.0,0.0
4.35,36,0.0,0.0,0.0
4.35,35,0.0,0.0,0.0
4.35,37,0.0,0.0,0.0
4.35,38,0.0,0.0,0.00617283950617284
4.35,39,0.0,0.0,0.0
4.35,40,0.0,0.0,0.0
4.35,41,0.0,0.0,0.0
4.35,42,0.2696203606447281,0.9566666666666666,0.28615109739369005
4.35,43,0.0006770336640478931,0.13888888888888887,16.455825617283953
4.35,44,0.0,0.0,0.0
4.35,46,0.0,0.0,0.0
4.35,45,0.0,0.0,0.0
4.35,47,0.0,0.0,0.0
4.35,48,0.0738285479949164,0.7875,0.15120696159122082
4.35,49,0.0,0.0,0.0
4.4,0,0.23535796374638715,0.3733333333333333,2.8248250685871055
4.4,1,0.0,0.0,0.0
4.4,2,0.0,0.0,0.0
4.4,3,0.0,0.0,0.0
4.4,4,0.0,0.0,0.0
4.4,5,0.0,0.0,0.0
4.4,6,0.0,0.0,0.0052083333333333235
4.4,7,0.0,0.0,0.0
4.4,8,0.0,0.0,0.0
4.4,9,0.0,0.0,4.930380657631324e-32
4.4,10,0.0,0.0,0.0
4.4,11,0.0,0.0,0.00617283950617284
4.4,12,0.0,0.0,4.930380657631324e-32
4.4,13,0.0,0.0,0.0
4.4,14,0.0,0.0,0.0
4.4,15,0.0,0.0,7.888609052210118e-31
4.4,16,0.0,0.0,0.0
4.4,17,0.0,0.0,0.0
4.4,18,0.0,0.0,0.0
4.4,19,0.0,0.0,0.00617283950617284
4.4,20,0.04119750619485802,0.7875,0.053239060356652955
4.4,21,0.0,0.0,0.0
4.4,22,0.0,0.0,0.0
4.4,23,0.0,0.0,0.01446759259259259
4.4,24,0.9884279678093059,0.7497222222222222,1.4608557870370371
4.4,25,0.0,0.0,0.0
4.4,26,0.0,0.0,0.0
4.4,27,0.0,0.0,0.0
4.4,28,0.0,0.0,0.0
4.4,29,0.0,0.0,0.0
4.4,30,0.0,0.0,0.0
4.4,31,0.0,0.0,0.0
4.4,32,0.0,0.0,0.00617283950617284
4.4,33,0.0,0.0,0.00444444444444446
4.4,34,0.0,0.0,0.0
4.4,35,0.0,0.0,0.0
4.4,36,0.0,0.0,0.0
4.4,37,0.0,0.0,4.930380657631324e-32
4.4,38,0.0,0.0,0.00617283950617284
4.4,39,0.0,0.0,0.0
4.4,40,0.0,0.0,0.0
4.4,41,0.0,0.0,0.0
4.4,42,0.15971444769062376,0.9566666666666666,0.18899083504801095
4.4,43,0.0,0.0,0.006172839506172844
4.4,44,0.0,0.0,0.0
4.4,45,0.0,0.0,0.0
4.4,46,0.0,0.0,0.0
4.4,47,0.0,0.0,0.0
4.4,48,0.0,0.0,0.0
4.4,49,0.0,0.0,0.0
4.45,0,0.31199230775127607,0.3733333333333333,3.1696711591220845
4.45,1,0.0,0.0,0.0
4.45,2,0.0,0.0,0.0
4.45,3,0.0,0.0,0.0
4.45,4,0.0,0.0,0.0
4.45,5,0.0,0.0,0.0
4.45,6,0.0,0.0,0.0
4.45,7,0.0,0.0,0.0
4.45,8,0.0,0.0,0.0
4.45,9,0.0,0.0,4.930380657631324e-32
4.45,10,0.0,0.0,0.0
4.45,11,0.0,0.0,0.00617283950617284
4.45,12,0.0,0.0,4.930380657631324e-32
4.45,13,0.0,0.0,0.0
4.45,14,0.0,0.0,0.0
4.45,15,0.0,0.0,0.0038580246913580275
4.45,17,0.0,0.0,0.0
4.45,16,0.0,0.0,7.888609052210118e-31
4.45,18,0.0,0.0,0.0
4.45,19,0.0,0.0,0.00617283950617284
4.45,20,0.0,0.0,0.006172839506172844
4.45,21,0.2241605279057157,0.3733333333333333,0.5987971450617285
4.45,22,0.0,0.0,0.00617283950617284
4.45,23,0.0,0.0,0.01446759259259259
4.45,24,0.004112155462404312,0.3733333333333333,0.030488888888888878
4.45,25,0.0,0.0,0.0
4.45,27,0.0,0.0,0.0
4.45,26,0.0,0.0,0.0
4.45,28,0.0,0.0,0.0
4.45,29,0.0,0.0,0.0
4.45,30,0.0,0.0,0.0
4.45,31,0.0,0.0,0.0
4.45,33,0.0,0.0,0.00444444444444446
4.45,32,0.0,0.0,0.00617283950617284
4.45,34,0.0,0.0,0.0
4.45,35,0.0,0.0,0.0
4.45,37,0.0,0.0,4.930380657631324e-32
4.45,36,0.0,0.0,0.0
4.45,38,0.0,0.0,0.00617283950617284
4.45,39,0.0,0.0,0.0
4.45,40,0.0,0.0,0.0
4.45,41,0.0,0.0,0.0
4.45,42,0.22228731488950332,0.9566666666666666,0.2617952331961591
4.45,43,0.0,0.0,0.006172839506172844
4.45,44,0.0,0.0,0.0
4.45,45,0.0,0.0,0.0
4.45,46,0.0,0.0,0.00520833333333333
4.45,47,0.0,0.0,0.0
4.45,48,0.0,0.0,0.0
4.45,49,0.0,0.0,0.0
4.5,1,0.0,0.0,0.0
4.5,0,0.061344063278073735,0.3733333333333333,0.7244546982167356
4.5,2,0.0,0.0,0.0
4.5,3,0.0,0.0,0.0
4.5,4,0.0,0.0,0.0
4.5,5,0.0,0.0,0.0
4.5,6,0.0,0.0,0.0
4.5,7,0.0,0.0,0.0
4.5,8,0.0,0.0,0.0
4.5,9,0.0,0.0,4.930380657631324e-32
4.5,10,0.0,0.0,0.00617283950617284
4.5,11,0.0,0.0,0.00617283950617284
4.5,12,0.0,0.0,4.930380657631324e-32
4.5,13,0.0,0.0,0.0
4.5,14,0.0,0.0,0.0
4.5,15,0.0,0.0,0.0038580246913580275
4.5,17,0.0,0.0,0.0
4.5,16,0.0,0.0,7.888609052210118e-31
4.5,18,0.0,0.0,0.0
4.5,19,0.0,0.0,0.00617283950617284
4.5,20,0.0,0.0,0.006172839506172844
4.5,21,0.2241605279057157,0.3733333333333333,0.5987971450617285
4.5,22,0.0,0.0,0.00617283950617284
4.5,23,0.0,0.0,0.0
4.5,24,0.009067474464546957,0.3733333333333333,0.0377654320987654
4.5,25,0.0,0.0,0.0
4.5,26,0.0,0.0,0.0
4.5,27,0.0,0.0,0.0
4.5,28,0.0,0.0,0.0
4.5,29,0.0,0.0,0.0
4.5,30,0.0,0.0,0.0
4.5,31,0.0,0.0,0.0
4.5,32,0.0,0.0,0.0
4.5,34,0.0,0.0,0.0
4.5,33,0.0,0.0,0.00444444444444446
4.5,35,0.0,0.0,0.0
4.5,37,0.024105266483674153,0.3733333333333333,0.06493024691358025
4.5,36,0.0,0.0,0.0
4.5,38,0.0,0.0,0.00617283950617284
4.5,39,0.0,0.0,0.0
4.5,40,0.0,0.0,0.0
4.5,41,0.0,0.0,0.0
4.5,42,0.22228731488950332,0.9566666666666666,0.2617952331961591
4.5,43,0.0,0.0,0.006172839506172844
4.5,44,0.0,0.0,0.0
4.5,45,0.0,0.0,0.0
4.5,47,0.0,0.0,0.0
4.5,46,0.0,0.0,0.00520833333333333
4.5,48,0.0,0.0,0.0
4.5,49,0.0,0.0,0.0
4.55,0,0.06503077852351773,0.3733333333333333,0.8154706704389576
4.55,1,0.0,0.0,0.0
4.55,2,0.0,0.0,0.0
4.55,3,0.0,0.0,0.0
4.55,4,0.0,0.0,0.0
4.55,5,0.0,0.0,0.0
4.55,6,0.0,0.0,0.0
4.55,7,0.00029015728459206664,0.1388888888888889,0.13638117283950618
4.55,8,0.0,0.0,0.0
4.55,9,0.0,0.0,4.930380657631324e-32
4.55,10,0.0,0.0,0.00617283950617284
4.55,11,0.0,0.0,0.00617283950617284
4.55,12,0.0,0.0,4.930380657631324e-32
4.55,13,0.0,0.0,0.0
4.55,14,0.0,0.0,0.0
4.55,15,0.0,0.0,0.0038580246913580275
4.55,16,0.0,0.0,0.0
4.55,17,0.0,0.0,0.0
4.55,18,0.0,0.0,0.0
4.55,19,0.0,0.0,0.00617283950617284
4.55,20,0.0,0.0,0.006172839506172844
4.55,21,0.0,0.0,0.0
4.55,22,0.0,0.0,0.00617283950617284
4.55,23,0.0,0.0,0.01446759259259259
4.55,24,0.0,0.0,0.0
4.55,25,0.0,0.0,0.0
4.55,26,0.0,0.0,0.0
4.55,27,0.0,0.0,0.0
4.55,28,0.0,0.0,0.0
4.55,29,0.0,0.0,0.006172839506172827
4.55,30,0.0,0.0,0.0
4.55,32,0.0,0.0,0.0
4.55,31,0.0,0.0,0.006172839506172836
4.55,33,0.0,0.0,0.0044444444444444375
4.55,34,0.0,0.0,0.0
4.55,35,0.0,0.0,0.0
4.55,36,0.0,0.0,0.0
4.55,37,0.0,0.0,0.0
4.55,38,0.0,0.0,0.0
4.55,39,0.0,0.0,0.0
4.55,40,0.0,0.0,0.0
4.55,41,0.0,0.0,0.0
4.55,42,0.2867570010116818,0.7875,0.3827684413580247
4.55,43,0.0,0.0,0.006172839506172844
4.55,44,0.0,0.0,0.0
4.55,45,0.0,0.0,0.0
4.55,46,0.0,0.0,0.00520833333333333
4.55,47,0.0,0.0,0.0
4.55,48,0.0,0.0,0.0052083333333333304
4.55,49,0.0,0.0,0.0
4.6,0,0.06503077852351773,0.3733333333333333,0.8154706704389576
4.6,1,0.0,0.0,0.0
4.6,2,0.0,0.0,0.0
4.6,3,0.0,0.0,0.0
4.6,4,0.0,0.0,0.0
4.6,5,0.0,0.0,0.0
4.6,6,0.0,0.0,0.0
4.6,7,0.0,0.0,0.046875
4.6,8,0.0,0.0,0.0
4.6,9,0.0,0.0,4.930380657631324e-32
4.6,10,0.0,0.0,0.00617283950617284
4.6,11,0.0,0.0,0.00617283950617284
4.6,12,0.0,0.0,4.930380657631324e-32
4.6,13,0.0,0.0,0.0
4.6,14,0.0,0.0,0.0
4.6,16,0.0,0.0,0.0
4.6,15,2.5220225994140897e-18,0.1388888888888889,0.0557098765432098
4.6,17,0.0,0.0,0.0
4.6,18,0.0,0.0,0.0
4.6,19,0.0,0.0,0.00617283950617284
4.6,20,0.11766175011267771,0.7875,0.17688473936899862
4.6,22,0.0,0.0,0.00617283950617284
4.6,21,0.0,0.0,0.0
4.6,23,0.0,0.0,0.01446759259259259
4.6,24,0.0,0.0,0.0
4.6,25,0.0,0.0,0.0
4.6,26,0.0,0.0,0.0
4.6,27,0.0,0.0,0.0
4.6,28,0.0,0.0,0.0
4.6,29,0.178371567681121,0.7875,0.24770356652949244
4.6,30,0.0,0.0,0.0
4.6,32,0.0,0.0,0.0
4.6,31,0.0,0.0,0.0
4.6,34,0.0,0.0,0.0
4.6,33,0.0,0.0,0.0044444444444444375
4.6,35,0.0,0.0,0.0
4.6,36,0.0,0.0,0.0
4.6,37,0.0,0.0,0.00617283950617284
4.6,38,0.0,0.0,0.0
4.6,39,0.0,0.0,0.0
4.6,41,0.0,0.0,0.0
4.6,40,0.0,0.0,0.0
4.6,42,0.2867570010116818,0.7875,0.3827684413580247
4.6,43,0.0,0.0,0.00617283950617284
4.6,44,0.0,0.0,0.0
4.6,45,0.0,0.0,0.0
4.6,46,0.0,0.0,0.00520833333333333
4.6,47,0.0,0.0,0.0
4.6,48,0.0,0.0,4.930380657631324e-32
4.6,49,0.0,0.0,0.0
4.65,1,0.0,0.0,0.0
4.65,0,0.07318845729963033,0.3733333333333333,0.8560433041838135
4.65,2,0.0,0.0,0.0
4.65,3,0.0,0.0,0.0
4.65,4,0.0,0.0,0.0
4.65,5,0.0,0.0,0.0
4.65,6,0.0,0.0,0.0
4.65,7,0.0,0.0,0.006172839506172844
4.65,8,0.0,0.0,0.0
4.65,9,0.0,0.0,0.0
4.65,10,9.019710894446009,0.8141666666666664,12.31235194615912
4.65,11,0.0,0.0,0.0
4.65,12,0.0,0.0,4.930380657631324e-32
4.65,14,0.0,0.0,0.0
4.65,13,0.0,0.0,0.0
4.65,15,2.5220225994140897e-18,0.1388888888888889,0.0557098765432098
4.65,16,0.03524922511885167,0.3733333333333333,0.10452584876543207
4.65,18,0.0,0.0,0.0
4.65,17,0.0,0.0,0.0
4.65,19,0.0,0.0,0.006172839506172844
4.65,20,0.0,0.0,0.0
4.65,22,0.0,0.0,0.00617283950617284
4.65,21,0.0,0.0,0.006172839506172829
4.65,24,0.0,0.0,0.0
4.65,23,0.0,0.0,0.01446759259259259
4.65,25,0.0,0.0,0.0
4.65,26,0.0,0.0,0.0
4.65,27,0.0,0.0,0.0
4.65,28,0.0,0.0,0.0
4.65,29,0.14628964273900738,0.7875,0.21136243998628257
4.65,30,0.0,0.0,0.0
4.65,31,0.0,0.0,0.0
4.65,32,0.0,0.0,0.0
4.65,33,0.38647490526364664,0.7875,0.5264134066358025
4.65,35,0.0,0.0,0.0
4.65,34,0.0,0.0,0.0
4.65,36,0.0,0.0,0.0
4.65,37,0.0,0.0,0.00617283950617284
4.65,38,0.0,0.0,0.0
4.65,39,0.0,0.0,0.0
4.65,40,0.0,0.0,0.0
4.65,41,0.0,0.0,0.0
4.65,42,0.0,0.0,0.005208333333333338
4.65,43,0.0,0.0,0.006172839506172844
4.65,44,0.0,0.0,0.0
4.65,45,0.0,0.0,0.0
4.65,46,0.0,0.0,0.005208333333333335
4.65,47,0.0,0.0,0.0
4.65,48,0.0,0.0,4.930380657631324e-32
4.65,49,0.0,0.0,0.00617283950617284
4.7,0,0.0,0.0,0.0
4.7,2,0.0,0.0,0.0
4.7,1,0.0,0.0,0.0
4.7,3,0.0,0.0,0.0
4.7,4,0.0,0.0,0.0
4.7,5,0.0,0.0,0.0
4.7,6,0.0,0.0,0.0
4.7,7,0.0,0.0,0.006172839506172844
4.7,8,0.0,0.0,0.0
4.7,9,0.0,0.0,0.0
4.7,10,9.019710894446009,0.8141666666666664,12.31235194615912
4.7,11,0.0,0.0,0.0
4.7,12,0.0,0.0,4.930380657631324e-32
4.7,13,0.0,0.0,4.930380657631324e-32
4.7,14,0.0,0.0,0.0
4.7,15,0.00012380044142594918,0.1388888888888889,0.016944444444444425
4.7,16,0.03524922511885167,0.3733333333333333,0.10452584876543207
4.7,17,0.0,0.0,0.0
4.7,18,0.0,0.0,0.0
4.7,19,0.0,0.0,0.0
4.7,20,0.11766175011267771,0.7875,0.17688473936899862
4.7,21,0.4074820808532946,0.7875,0.5783962962962963
4.7,22,0.0,0.0,0.00617283950617284
4.7,23,0.0,0.0,0.01446759259259259
4.7,24,0.06342355419461039,0.7875,0.08338395061728397
4.7,25,0.0,0.0,0.0
4.7,26,0.0,0.0,0.0
4.7,27,0.0,0.0,0.0
4.7,28,0.0,0.0,0.0
4.7,29,4.591064747272648,0.7497222222222222,6.328958710562413
4.7,30,0.0,0.0,0.0
4.7,31,0.0,0.0,0.0
4.7,32,0.0,0.0,0.0
4.7,33,0.0,0.0,0.0044444444444444375
4.7,34,0.0,0.0,0.0
4.7,35,0.0,0.0,0.0
4.7,36,0.0,0.0,0.0
4.7,37,0.0,0.0,0.00617283950617284
4.7,38,0.0,0.0,0.0
4.7,39,0.0,0.0,0.0
4.7,40,0.0,0.0,0.0
4.7,41,0.0,0.0,0.00617283950617284
4.7,42,0.20488889103820207,0.7875,0.2780160408093279
4.7,43,0.0,0.0,0.00617283950617284
4.7,44,0.0,0.0,0.0
4.7,45,0.0,0.0,0.0
4.7,46,0.0,0.0,0.005208333333333335
4.7,47,0.0,0.0,0.0
4.7,48,0.0,0.0,4.930380657631324e-32
4.7,49,0.0,0.0,0.0
4.75,0,0.0,0.0,0.0
4.75,1,0.0,0.0,0.0
4.75,2,0.0,0.0,0.0
4.75,3,0.0,0.0,0.0
4.75,4,0.0,0.0,1.9721522630525295e-31
4.75,6,0.0,0.0,0.0
4.75,5,0.0,0.0,0.0
4.75,7,0.0,0.0,0.006172839506172844
4.75,8,0.09223805277380688,0.7875,0.12882245370370374
4.75,9,0.0,0.0,0.0
4.75,10,0.0,0.0,0.0
4.75,11,0.0,0.0,0.00617283950617284
4.75,12,0.0,0.0,4.930380657631324e-32
4.75,13,0.0,0.0,0.0
4.75,14,0.0,0.0,0.0
4.75,16,2.4396682844047654e-18,0.1388888888888889,0.4500000000000003
4.75,15,0.0001238004414259472,0.1388888888888889,0.0811111111111111
4.75,17,0.0,0.0,0.0
4.75,19,0.0,0.0,0.006172839506172827
4.75,18,0.0,0.0,0.0
4.75,20,0.0,0.0,0.013580246913580245
4.75,22,0.0,0.0,0.00617283950617284
4.75,21,0.5538739982319747,0.7875,0.7872209876543209
4.75,23,0.0,0.0,0.01446759259259259
4.75,24,0.0,0.0,0.0
4.75,26,0.0,0.0,0.0
4.75,27,0.0,0.0,0.0
4.75,25,0.0,0.0,0.0
4.75,29,3.598781674124426,0.7497222222222222,4.872987748628257
4.75,28,0.0,0.0,0.0
4.75,30,0.0,0.0,0.0
4.75,31,0.0,0.0,0.006172839506172836
4.75,32,0.0,0.0,0.0
4.75,33,0.0,0.0,0.0
4.75,34,0.0,0.0,0.0
4.75,37,0.0,0.0,0.00617283950617284
4.75,36,0.0,0.0,0.0
4.75,35,0.0,0.0,0.0
4.75,38,0.0,0.0,0.0
4.75,39,0.0,0.0,0.0
4.75,40,0.0,0.0,0.0
4.75,41,0.0,0.0,0.0
4.75,42,0.0,0.0,0.005208333333333339
4.75,43,0.0,0.0,0.00617283950617284
4.75,44,0.0,0.0,0.0
4.75,45,0.0,0.0,0.0
4.75,46,0.0,0.0,0.005208333333333335
4.75,47,0.0,0.0,0.0
4.75,48,0.0,0.0,4.930380657631324e-32
4.75,49,0.0,0.0,0.0
4.8,0,0.0,0.0,0.0
4.8,1,0.0,0.0,0.0
4.8,2,0.0,0.0,0.0
4.8,3,0.0,0.0,0.0
4.8,4,0.0,0.1388888888888889,0.1388888888888889
4.8,5,0.0,0.0,0.0
4.8,6,0.0,0.0,0.0
4.8,7,0.0,0.0,0.006172839506172844
4.8,8,0.0,0.0,0.006172839506172844
4.8,9,0.0,0.0,0.0
4.8,10,0.0,0.0,0.0
4.8,11,0.0,0.0,0.00617283950617284
4.8,13,0.0,0.0,0.006172839506172837
4.8,12,0.0,0.0,4.930380657631324e-32
4.8,14,0.0,0.0,0.0
4.8,17,0.0,0.0,0.0
4.8,15,0.0,0.1388888888888889,0.8680555555555556
4.8,16,0.0,0.0,0.0
4.8,18,0.0,0.0,0.0
4.8,19,0.0,0.0,0.006172839506172827
4.8,20,0.0,0.0,0.006172839506172844
4.8,21,0.5538739982319748,0.7875,0.7872209876543208
4.8,22,0.0,0.0,0.00617283950617284
4.8,23,0.0,0.0,0.0
4.8,24,0.0,0.0,0.0
4.8,25,0.0,0.0,0.0
4.8,26,0.0,0.0,0.0
4.8,27,0.0,0.0,0.0
4.8,28,0.21811517123542584,0.13888888888888887,2.595305212620027
4.8,29,3.598781674124426,0.7497222222222222,4.872987748628257
4.8,30,0.0,0.0,0.0
4.8,31,0.0,0.0,0.006172839506172836
4.8,33,0.0,0.0,0.0
4.8,32,0.0,0.0,0.00617283950617284
4.8,34,0.0,0.0,0.0
4.8,36,0.0,0.0,0.0
4.8,35,0.0,0.0,0.0
4.8,37,0.0,0.0,0.00617283950617284
4.8,38,0.0,0.0,0.0
4.8,40,0.0,0.0,0.0
4.8,39,0.0,0.0,0.0
4.8,41,0.0,0.0,0.0
4.8,43,0.0,0.0,0.00617283950617284
4.8,42,0.0,0.0,0.0
4.8,44,0.0,0.0,0.0
4.8,45,0.0,0.0,0.00617283950617284
4.8,46,0.0,0.0,0.005208333333333335
4.8,47,0.0,0.0,0.0
4.8,48,0.0,0.0,4.930380657631324e-32
4.8,49,0.0,0.0,0.0
5.0,0,0.0,0.0,0.0
5.0,1,0.0,0.0,0.0
5.0,2,0.0,0.0,0.0
5.0,3,0.0,0.0,0.0
5.0,4,0.009352349596971532,0.1388888888888889,0.067275
5.0,6,0.0,0.0,0.0
5.0,7,0.10716664506606877,0.7875,0.13735640432098764
5.0,5,0.0,0.0,0.0
5.0,8,0.0,0.0,0.0
5.0,9,0.0,0.0,4.930380657631324e-32
5.0,10,0.0,0.0,1.9721522630525295e-31
5.0,11,0.0,0.0,0.00617283950617284
5.0,12,0.0,0.0,0.0
5.0,13,0.0,0.0,0.006172839506172837
5.0,14,0.0,0.0,0.0
5.0,15,0.0,0.0,0.0
5.0,16,0.0,0.0,0.006172839506172835
5.0,17,0.0,0.0,0.0
5.0,18,0.0,0.0,0.0
5.0,20,0.0,0.0,0.0
5.0,19,0.0,0.0,0.0
5.0,21,8.608455332865212,0.6763888888888889,12.715785185185183
5.0,23,0.0,0.0,0.0
5.0,22,0.0,0.0,0.0
5.0,24,0.0,0.0,0.0
5.0,25,0.0,0.0,0.0
5.0,26,0.0,0.0,0.0
5.0,27,4.164187326990175e-18,0.13888888888888887,0.3555555555555554
5.0,29,1.9523800921439238,0.8141666666666666,2.503570979080932
5.0,30,0.0,0.0,0.0
5.0,28,0.1892191165362642,0.13888888888888887,2.910047187928669
5.0,31,0.0,0.0,0.0
5.0,32,0.0,0.0,0.00617283950617284
5.0,33,0.0,0.0,0.00444444444444446
5.0,34,0.12304683718887885,0.7875,0.16226265432098763
5.0,35,0.0,0.0,0.0
5.0,36,0.0,0.0,0.0
5.0,37,0.003942172871124956,0.3733333333333333,0.3401846364883402
5.0,39,0.0,0.0,0.0
5.0,38,0.0,0.0,4.930380657631324e-32
5.0,40,0.0,0.0,0.0
5.0,41,0.0,0.0,0.0
5.0,43,0.0,0.0,0.00617283950617284
5.0,42,0.0,0.0,0.0
5.0,44,0.0,0.0,0.0
5.0,45,0.0,0.0,0.0
5.0,46,0.0,0.0,0.0
5.0,47,0.0,0.0,0.0
5.0,49,0.0,0.0,0.0
5.0,48,1.1337264771101363,0.2222222222222222,6.54775802469136
5.2,0,0.0,0.0,0.0
5.2,1,0.0,0.0,0.0
5.2,2,0.0,0.0,0.0
5.2,3,0.0,0.0,0.0
5.2,4,0.0,0.0,4.930380657631324e-32
5.2,5,0.0,0.0,0.0
5.2,6,0.0,0.0,0.0
5.2,7,0.0,0.0,0.0
5.2,8,0.0,0.0,0.0
5.2,9,0.3231625648098535,0.3733333333333333,1.7567033950617283
5.2,11,0.0,0.0,0.00617283950617284
5.2,10,0.0,0.0,1.9721522630525295e-31
5.2,12,0.0,0.0,0.0
5.2,13,0.0,0.0,0.006172839506172837
5.2,14,6.984099294023961e-18,0.1388888888888889,0.07469135802469154
5.2,15,0.0,0.0,0.0
5.2,16,0.0,0.0,0.0
5.2,17,0.0,0.0,0.0
5.2,18,0.0,0.0,0.0
5.2,19,0.0006044943429001789,0.1388888888888889,0.7231770833333333
5.2,20,0.0,0.0,0.0
5.2,21,0.004642516553473109,0.1388888888888889,0.26805555555555566
5.2,22,0.0,0.0,0.00617283950617284
5.2,23,0.0,0.0,0.0
5.2,25,0.0,0.0,0.0
5.2,24,0.03257834923717649,0.7875,0.042021913580246914
5.2,26,0.0,0.0,0.0
5.2,27,0.0,0.0,0.0
5.2,28,0.08738613923666569,0.13888888888888887,2.4704656292866947
5.2,29,0.0,0.0,0.0
5.2,30,0.06280934925458591,0.7875,0.15969722222222227
5.2,32,0.0,0.0,0.00617283950617284
5.2,31,2.3608208046641805,0.7875,8.377517866941016
5.2,33,0.0,0.0,0.0
5.2,35,0.0,0.0,0.0
5.2,34,0.6040218894655497,0.4988888888888889,1.8022611111111113
5.2,36,0.0,0.0,4.930380657631324e-32
5.2,37,0.0,0.0,0.0
5.2,38,0.0,0.1388888888888889,0.0006172839506172796
5.2,39,0.0,0.0,0.0
5.2,40,0.0,0.0,0.00617283950617284
5.2,41,0.0,0.0,0.0
5.2,42,0.0,0.0,0.00520833333333333
5.2,43,0.0,0.0,0.0
5.2,44,0.0,0.0,0.0
5.2,45,0.0,0.0,0.0
5.2,46,0.0,0.0,0.0
5.2,47,0.0,0.0,0.0
5.2,49,0.0,0.0,0.0
5.2,48,0.4124238385487495,0.2222222222222222,2.2340543209876547
5.4,0,0.012602884937161588,0.13888888888888887,0.09227283950617281
5.4,1,0.0,0.0,0.0
5.4,2,0.0,0.0,0.0
5.4,3,0.0,0.0,0.00617283950617284
5.4,4,0.0,0.0,4.930380657631324e-32
5.4,5,0.0,0.0,0.0
5.4,6,0.0,0.0,0.0
5.4,7,0.0,0.0,0.005208333333333333
5.4,8,0.0,0.0,0.0
5.4,10,0.6525703950588149,0.7875,0.8469360339506173
5.4,9,0.29894538272713017,0.3733333333333333,1.7120666666666664
5.4,11,0.0,0.0,0.00617283950617284
5.4,12,0.0,0.0,0.0
5.4,13,0.0,0.0,0.0
5.4,14,0.0,0.0,0.0
5.4,15,0.0,0.0,0.0
5.4,16,0.0,0.13888888888888887,1.8672839506172838
5.4,17,0.0,0.0,0.0
5.4,18,0.0,0.0,0.0
5.4,19,0.0,0.0,0.0
5.4,21,0.0,0.0,0.0
5.4,20,0.0,0.0,0.0
5.4,22,0.0,0.0,0.00617283950617284
5.4,25,0.0,0.0,0.0
5.4,24,0.009288520152713003,0.3733333333333333,0.3304193672839506
5.4,23,0.0,0.0,0.00444444444444446
5.4,26,0.0,0.0,0.0
5.4,27,1.2840119596384751,0.37333333333333335,13.450883950617282
5.4,28,0.14993058792958583,0.2222222222222222,0.7817037037037036
5.4,29,0.0,0.0,0.0
5.4,30,0.0,0.0,0.0
5.4,31,0.0,0.0,0.006172839506172837
5.4,32,0.0,0.0,0.0
5.4,33,0.0,0.0,0.0
5.4,34,0.0,0.0,0.0
5.4,35,0.0,0.0,4.930380657631324e-32
5.4,36,0.0,0.0,0.0
5.4,37,0.0,0.0,0.0
5.4,38,0.00020633406904309833,0.1388888888888889,1.834969135802468
5.4,39,0.3700393956217216,0.3288888888888889,6.468703395061728
5.4,40,0.0,0.0,0.00617283950617284
5.4,41,0.0026575828092770325,0.13888888888888887,0.036420987654320974
5.4,42,0.0,0.0,0.0
5.4,43,0.0,0.0,0.0
5.4,45,0.0,0.0,0.0
5.4,44,0.0,0.0,0.0
5.4,46,0.5354627035050353,0.37888888888888883,1.6958224537037037
5.4,47,0.0,0.0,0.0
5.4,48,4.659061595233166,0.42666666666666664,19.3730774691358
5.4,49,0.0,0.0,0.0
5.6,0,4.1526525753393395,0.7497222222222222,6.102924305555555
5.6,1,0.0,0.0,0.0
5.6,2,0.0,0.0,0.0
5.6,3,0.0,0.0,0.0
5.6,4,0.0,0.0,0.0
5.6,5,0.0,0.0,0.0
5.6,7,0.0,0.0,0.0
5.6,6,0.0,0.0,0.0
5.6,8,0.0,0.0,0.006172839506172844
5.6,9,0.0,0.0,0.0
5.6,10,0.7192415752832417,0.7875,0.9386489969135803
5.6,11,0.0,0.0,0.00617283950617284
5.6,12,0.0,0.0,0.0
5.6,13,0.0,0.0,7.888609052210118e-31
5.6,15,0.0,0.0,1.9721522630525295e-31
5.6,14,0.7191340855499733,0.676388888888889,1.305247222222222
5.6,16,0.0,0.0,0.0
5.6,17,0.03546166209113724,0.2222222222222222,2.1498859739368994
5.6,18,0.0,0.0,0.0
5.6,20,0.0,0.0,0.0
5.6,19,0.03515100752281116,0.13888888888888887,0.37036658950617285
5.6,21,0.0,0.0,0.0
5.6,22,0.0,0.0,0.00617283950617284
5.6,23,0.0,0.0,0.006172839506172835
5.6,25,0.0,0.0,0.0
5.6,26,0.0,0.0,0.0
5.6,24,0.003317851830215419,0.13888888888888887,0.08310617283950608
5.6,27,0.0,0.1388888888888889,1.4222222222222214
5.6,28,0.0,0.0,0.0
5.6,29,8.904831764872016,0.7875,28.7997338734568
5.6,30,0.0,0.0,0.0
5.6,31,0.0,0.0,0.006172839506172837
5.6,32,0.0,0.0,0.00617283950617284
5.6,33,0.0,0.0,0.0
5.6,34,0.5648542668918287,0.2222222222222222,2.627956481481482
5.6,36,0.0,0.0,4.930380657631324e-32
5.6,35,0.0,0.0,0.0
5.6,37,0.0,0.0,0.0
5.6,39,0.0,0.0,0.0
5.6,38,0.007428026485556955,0.1388888888888889,2.6213888888888883
5.6,40,0.0,0.0,0.00617283950617284
5.6,41,0.0,0.0,0.0
5.6,42,0.0,0.0,0.004444444444444449
5.6,43,0.0,0.0,7.888609052210118e-31
5.6,45,0.0,0.0,0.0
5.6,44,0.0,0.0,0.0
5.6,46,0.8740699201680587,0.37888888888888883,2.7142354166666665
5.6,47,0.0,0.0,0.0
5.6,48,0.0,0.0,0.0
5.6,49,0.0,0.0,0.0
5.8,0,0.21220960865519842,0.7875,0.4282870177469135
5.8,1,0.0,0.0,0.006172839506172844
5.8,2,0.0,0.0,0.0
5.8,3,0.0,0.0,0.0
5.8,5,0.0,0.0,0.0
5.8,6,0.0,0.0,0.0
5.8,4,0.1867836761380455,0.49888888888888894,2.133313194444445
5.8,7,0.0,0.0,0.0
5.8,10,0.7531650472666214,0.7875,0.9578228395061726
5.8,8,1.771885260203381,0.5155555555555555,3.7060564043209876
5.8,9,0.0,0.0,0.0
5.8,11,0.0,0.0,0.00617283950617284
5.8,12,0.0,0.0,0.0
5.8,13,3.410694569337453,0.6763888888888889,5.2111132630315495
5.8,14,0.5938675580298446,0.6763888888888889,1.0183391203703702
5.8,15,0.0,0.0,1.9721522630525295e-31
5.8,16,0.0,0.0,0.0
5.8,17,0.0,0.0,0.006172839506172827
5.8,18,0.0,0.0,0.0
5.8,19,0.0,0.0,4.930380657631324e-32
5.8,20,0.0,0.0,0.0
5.8,21,0.0,0.0,0.0
5.8,22,0.0,0.13888888888888887,0.17839506172839492
5.8,23,0.0,0.0,0.006172839506172844
5.8,24,0.0021097658559672133,0.13888888888888887,0.04626543209876543
5.8,25,0.0,0.0,0.0
5.8,26,0.0,0.0,0.005208333333333339
5.8,27,2.051657869742591,0.37888888888888883,5.418722222222222
5.8,28,0.0,0.0,4.930380657631324e-32
5.8,29,1.2736159903745126,0.7875,9.026469444444444
5.8,30,0.5578147846527859,0.7497222222222222,0.9260111111111109
5.8,31,0.0,0.0,0.0
5.8,32,0.0,0.0,0.00617283950617284
5.8,33,0.0,0.0,0.0
5.8,35,0.0,0.0,0.0
5.8,34,0.7211920435003799,0.2222222222222222,3.327377777777777
5.8,36,0.0,0.0,4.930380657631324e-32
5.8,37,0.0,0.0,0.0
5.8,38,0.0,0.0,0.0
5.8,40,0.0,0.0,0.00617283950617284
5.8,39,2.7280433868963665,0.37888888888888883,7.796508024691359
5.8,41,0.0,0.0,0.0
5.8,42,0.0,0.0,0.0
5.8,43,0.0,0.0,0.0
5.8,44,0.0,0.0,0.0
5.8,45,0.0,0.0,0.0
5.8,47,0.0,0.0,0.0
5.8,46,0.8293301016259766,0.37888888888888883,2.6128564043209876
5.8,48,0.0,0.0,0.0
5.8,49,0.0,0.0,0.0
6.0,0,0.2508438305790958,0.7875,0.5430944251543212
6.0,1,0.0,0.0,0.006172839506172844
6.0,2,0.00907998862583445,0.13888888888888887,0.3158256172839507
6.0,3,0.0,0.0,0.0
6.0,4,0.45436015482792735,0.4988888888888889,2.5400527777777766
6.0,5,0.0,0.0,0.0
6.0,7,0.0,0.0,0.0
6.0,8,0.0,0.0,0.0
6.0,6,0.02587016557664242,0.13888888888888887,0.8257728395061731
6.0,9,0.0,0.0,0.0
6.0,10,7.070209739870772,0.676388888888889,10.55280524691358
6.0,11,0.0,0.0,0.0
6.0,12,0.0,0.0,0.0
6.0,13,0.06127529929723898,0.7875,0.3299969135802469
6.0,14,0.5699333102497092,0.7875,0.7537458762002742
6.0,15,0.0,0.0,1.9721522630525295e-31
6.0,16,2.0083521090888232,0.7497222222222222,6.453235802469135
6.0,18,0.053362942272241115,0.2222222222222222,0.7218469135802468
6.0,17,0.0,0.0,0.00617283950617284
6.0,19,0.0,0.0,0.0
6.0,20,0.0,0.0,0.0
6.0,21,1.9932369070978684e-18,0.1388888888888889,0.06805555555555559
6.0,22,0.0,0.0,0.0
6.0,23,0.0,0.0,0.00617283950617284
6.0,25,0.0,0.0,0.0
6.0,24,5.3026216409925034e-18,0.1388888888888889,0.061728395061728454
6.0,26,0.0,0.0,0.0
6.0,28,0.0,0.0,0.0
6.0,27,0.0,0.0,0.0
6.0,30,0.04516850594145406,0.7875,0.20041543209876542
6.0,29,1.5698732863794322,0.7875,10.508919444444443
6.0,31,0.0,0.0,0.0
6.0,32,0.0,0.0,0.0
6.0,33,0.0,0.0,0.0
6.0,34,0.0,0.0,0.0
6.0,35,0.0,0.0,0.0
6.0,36,0.0,0.0,0.0
6.0,37,0.0,0.0,0.0
6.0,38,0.0,0.0,0.0
6.0,40,0.0,0.0,0.0
6.0,39,0.23994056289223564,0.37888888888888883,2.5246814043209875
6.0,41,0.0,0.0,0.0
6.0,42,0.0,0.0,0.0
6.0,43,0.06610943572145675,0.22222222222222218,3.6766666666666663
6.0,44,0.0,0.0,0.0
6.0,45,0.0,0.0,0.0
6.0,47,0.0,0.0,0.0
6.0,46,0.8112718032243564,0.37888888888888883,2.584416358024691
6.0,48,0.0,0.0,0.0
6.0,49,0.0,0.0,0.0
