mu,seed,gamma,v_orbit,tau_var,eta_var
0.0,5,3.3306690738754696e-16,7.521673900462963,0.5163888888888888,7.005285011574074
0.0,3,4.440892098500626e-16,4.708493441358025,0.41,4.2984934413580245
0.0,2,-7.771561172376096e-16,13.177029320987653,0.24000000000000005,12.937029320987653
0.0,0,-8.494356980893717e-41,6.701533564814815,0.34972222222222227,6.351811342592593
0.0,4,5.551115123125783e-16,9.178819444444445,0.33638888888888885,8.842430555555556
0.0,1,1.1102230246251565e-16,5.60254118441358,0.8941666666666668,4.708374517746913
0.0,6,6.661338147750939e-16,5.141291956018518,0.3275,4.813791956018519
0.0,9,6.661338147750939e-16,5.504807098765432,0.44972222222222225,5.0550848765432095
0.0,7,-1.1102230246251565e-16,8.404578993055555,0.29000000000000004,8.114578993055556
0.0,8,3.3306690738754696e-16,8.923849826388889,0.5599999999999999,8.363849826388888
0.0,13,4.440892098500626e-16,5.594627700617284,0.30305555555555563,5.291572145061728
0.0,12,3.3306690738754696e-16,5.5954817708333335,0.33638888888888885,5.2590928819444445
0.0,11,-5.895617401462407e-72,11.987098765432098,0.19555555555555557,11.791543209876542
0.0,10,4.440892098500626e-16,8.360993441358024,0.34305555555555556,8.01793788580247
0.0,14,3.3306690738754696e-16,4.951062885802469,0.5163888888888889,4.43467399691358
0.0,16,-1.1102230246251565e-16,7.601260628858024,1.0608333333333333,6.540427295524691
0.0,15,2.220446049250313e-16,6.9075000000000015,0.3475000000000001,6.560000000000001
0.0,18,8.881784197001252e-16,11.428672839506172,0.24888888888888897,11.179783950617283
0.0,19,6.661338147750939e-16,7.4977387152777775,0.4474999999999999,7.050238715277778
0.0,17,-6.246622648364415e-45,8.735486111111111,0.32749999999999996,8.40798611111111
0.0,20,1.1102230246251565e-16,13.373765432098764,0.24888888888888897,13.124876543209876
0.0,21,-1.1102230246251565e-16,7.895733024691357,0.24888888888888897,7.646844135802469
0.0,23,-3.3306690738754696e-16,12.811612654320987,0.3475,12.464112654320987
0.0,22,1.4432899320127035e-15,8.173055555555557,0.28305555555555556,7.890000000000001
0.0,24,1.1102230246251565e-16,7.289687017746914,0.48999999999999994,6.799687017746914
0.0,25,-2.220446049250313e-16,5.975555555555555,0.43222222222222223,5.543333333333333
0.0,26,9.992007221626409e-16,6.048097511574074,0.45,5.598097511574074
0.0,27,5.551115123125783e-16,7.792592592592593,0.24888888888888897,7.543703703703704
0.0,28,-2.220446049250313e-16,13.617835165895062,0.44555555555555565,13.172279610339507
0.0,29,7.771561172376096e-16,8.742708333333335,0.24000000000000005,8.502708333333334
0.05,1,0.042211848848842756,8.137175925925927,0.5163888888888889,7.620787037037037
0.05,2,0.0678648069028836,9.653557098765432,0.2697222222222223,9.38383487654321
0.05,3,0.05904792074143278,4.412654320987655,0.4875,3.9251543209876547
0.05,0,0.058993870513639156,6.642274305555555,0.3497222222222222,6.292552083333333
0.05,4,0.04616395066214531,3.6172145061728394,0.2222222222222222,3.394992283950617
0.05,5,0.09825408198259697,13.33594714506173,0.5163888888888889,12.819558256172842
0.05,6,0.05293280107446614,4.157345196759258,0.41,3.7473451967592584
0.05,7,0.05095196476759317,3.7192515432098765,0.32888888888888884,3.3903626543209877
0.05,8,0.03951056640447432,15.474236111111114,0.41,15.064236111111114
0.05,9,0.045042383041719,7.239380787037037,0.44972222222222225,6.789658564814815
0.05,11,0.05337838954578942,11.615987654320987,0.11555555555555558,11.500432098765431
0.05,10,0.02552639051887693,8.191070601851852,0.34305555555555556,7.848015046296296
0.05,12,0.05220381026124686,5.856538888888888,0.8430555555555556,5.013483333333332
0.05,13,0.08475419364917311,7.2895061728395065,0.19555555555555557,7.093950617283951
0.05,14,0.06679241480309013,4.944494675925926,0.7566666666666666,4.187828009259259
0.05,15,0.047991900246889097,8.625376157407407,0.3475000000000001,8.277876157407407
0.05,16,0.07884931808685793,7.280402083333333,1.0608333333333333,6.21956875
0.05,17,0.07997652732940395,7.215272202932098,0.8888888888888888,6.32638331404321
0.05,18,0.05907935931826015,10.885918209876543,0.24000000000000002,10.645918209876543
0.05,19,0.06354192000804894,20.2922974537037,0.48999999999999994,19.8022974537037
0.05,20,0.05342355678517598,16.078661959876545,0.6666666666666666,15.411995293209877
0.05,21,0.05366932213466978,5.445270061728396,0.3030555555555556,5.14221450617284
0.05,22,0.0798032535812658,6.762464795524692,0.36972222222222223,6.39274257330247
0.05,23,0.07611762751986018,12.493089795524691,0.5363888888888888,11.956700906635803
0.05,24,0.037885102256507305,5.401127777777778,0.9030555555555556,4.4980722222222225
0.05,25,0.05698374464094434,4.051967592592592,0.24888888888888897,3.803078703703703
0.05,26,0.04186716015792746,6.603722511574074,0.45,6.153722511574074
0.05,27,0.06917980834264315,3.2060416666666667,0.24000000000000002,2.9660416666666665
0.05,28,0.04539264658531314,8.75733024691358,0.44555555555555565,8.311774691358025
0.05,29,0.05627255697581268,7.617361111111112,0.44555555555555565,7.171805555555556
0.1,1,0.11897759603365385,18.700113811728396,0.33888888888888885,18.361224922839508
0.1,0,0.0934261565176204,12.039930555555554,0.24888888888888897,11.791041666666665
0.1,2,0.10898117436942155,9.16195023148148,0.22749999999999998,8.934450231481481
0.1,3,0.09057711948558535,4.69309413580247,0.4875,4.20559413580247
0.1,4,0.09141279328024994,7.807683256172839,0.5155555555555557,7.292127700617284
0.1,5,0.13275124900429314,12.420300443672842,0.4875,11.932800443672841
0.1,6,0.09754206689533854,7.549509548611112,0.44972222222222225,7.099787326388889
0.1,7,0.12842867143557657,10.939020061728394,0.5655555555555556,10.373464506172839
0.1,9,0.10851129799919391,4.984141589506174,0.4,4.5841415895061735
0.1,8,0.1358740243353294,4.861936728395062,0.16555555555555557,4.696381172839506
0.1,10,0.07672003503220767,11.272707098765432,1.0608333333333333,10.211873765432099
0.1,11,0.12996524396264209,16.452399691358025,0.2222222222222222,16.230177469135803
0.1,12,0.1087168523328709,13.506315104166667,0.5163888888888889,12.989926215277778
0.1,13,0.17794842754710688,8.206619888117283,0.3475,7.859119888117283
0.1,14,0.129848518478189,10.567706404320989,0.40305555555555556,10.164650848765433
0.1,15,0.11283355360818217,6.428848379629629,0.40305555555555556,6.025792824074074
0.1,16,0.14005419140220637,9.024091647376542,0.7830555555555555,8.241036091820986
0.1,17,0.14639771895500717,7.405941358024691,0.5655555555555556,6.840385802469135
0.1,18,0.09975726032741039,6.713537326388889,0.4,6.3135373263888885
0.1,19,0.1054377973129062,14.799554610339502,0.7833333333333333,14.016221277006169
0.1,20,0.11986902626055117,9.256018518518518,0.30305555555555563,8.952962962962962
0.1,21,0.09575657823250174,14.228973765432098,0.7830555555555555,13.445918209876542
0.1,22,0.1104253113611872,6.047197145061729,0.32888888888888884,5.71830825617284
0.1,23,0.1272246030705441,15.471189120370374,0.9697222222222219,14.501466898148152
0.1,24,0.10233662689592876,6.411407696759259,0.4475,5.963907696759259
0.1,26,0.0988189639260293,6.758564332561729,0.45,6.308564332561729
0.1,25,0.11331327044759482,5.700617283950617,0.24888888888888897,5.451728395061728
0.1,27,0.13051896039037975,2.9951774691358026,0.24000000000000002,2.7551774691358024
0.1,28,0.09894011267075853,10.345771527777776,0.9955555555555556,9.350215972222221
0.1,29,0.10985151963705796,17.894694733796292,0.44972222222222225,17.444972511574072
0.15000000000000002,0,0.14614682918060756,10.807654320987654,0.24888888888888897,10.558765432098765
0.15000000000000002,1,0.17250408367306297,17.62987654320988,0.40305555555555556,17.22682098765432
0.15000000000000002,2,0.1737546642292456,5.836830536265432,0.7141666666666666,5.122663869598766
0.15000000000000002,3,0.1835305137529144,35.0373722029321,0.41,34.6273722029321
0.15000000000000002,4,0.15213336657652884,9.093871527777777,0.40305555555555556,8.690815972222222
0.15000000000000002,6,0.15989540252112872,11.344374517746916,0.5599999999999999,10.784374517746915
0.15000000000000002,5,0.19965180628900725,15.69033950617284,0.24000000000000002,15.45033950617284
0.15000000000000002,7,0.2005601151640311,9.678626543209877,0.32749999999999996,9.351126543209876
0.15000000000000002,8,0.19153064294722616,3.3340046296296295,0.21,3.1240046296296295
0.15000000000000002,9,0.15620930087272406,9.085994888117284,0.28305555555555556,8.802939332561728
0.15000000000000002,10,0.12737183643502437,12.154781172839506,1.0608333333333333,11.093947839506173
0.15000000000000002,11,0.18188329795173697,8.361701851851851,0.36555555555555563,7.9961462962962955
0.15000000000000002,12,0.1628215235472657,10.384195293209878,0.7566666666666666,9.627528626543212
0.15000000000000002,13,0.23955667885776422,2.6215272955246913,0.32888888888888884,2.2926384066358025
0.15000000000000002,14,0.1832904502104944,10.89371913580247,0.4875,10.40621913580247
0.15000000000000002,16,0.17655548605330162,15.610209182098764,0.7830555555555555,14.827153626543208
0.15000000000000002,15,0.1614963077141785,13.094876543209876,0.4,12.694876543209876
0.15000000000000002,17,0.188269920132977,7.117522202932099,0.6222222222222222,6.495299980709876
0.15000000000000002,18,0.1595534147124418,4.826496739969136,0.6363888888888889,4.190107851080247
0.15000000000000002,19,0.1706030769953501,9.441703221450618,0.7833333333333333,8.658369888117285
0.15000000000000002,20,0.15376376934830083,9.24031635802469,0.30305555555555563,8.937260802469135
0.15000000000000002,21,0.14042829013063574,15.475594135802476,0.5599999999999999,14.915594135802476
0.15000000000000002,22,0.17694136391328036,11.472810165895062,0.5788888888888888,10.893921277006173
0.15000000000000002,23,0.19438613089892265,19.0041,0.9697222222222222,18.034377777777777
0.15000000000000002,24,0.1649261628028249,8.344663869598765,0.4475,7.8971638695987645
0.15000000000000002,25,0.19799530634449608,7.424074074074074,0.24888888888888897,7.175185185185185
0.15000000000000002,26,0.16515832713701997,8.413773148148149,0.378888888888889,8.03488425925926
0.15000000000000002,27,0.19620473924526613,7.318580246913581,0.3275,6.991080246913581
0.15000000000000002,28,0.17198277969488268,6.440555478395062,0.8888888888888888,5.551666589506173
0.15000000000000002,29,0.1818951256874677,14.202862654320992,0.5155555555555557,13.687307098765435
0.2,0,0.19693704413858937,12.57932098765432,0.24888888888888897,12.330432098765431
0.2,1,0.23680624296804387,21.10200183256173,0.5599999999999999,20.54200183256173
0.2,3,0.2346180583023066,18.41282986111111,0.34305555555555556,18.069774305555555
0.2,2,0.20631635253595088,11.920742881944447,0.7141666666666666,11.20657621527778
0.2,4,0.22526835072121454,12.919708256172841,0.9030555555555556,12.016652700617286
0.2,5,0.27812359745832566,10.90098765432099,0.24000000000000005,10.660987654320989
0.2,6,0.2142012912361636,6.158606770833334,0.4030555555555556,5.755551215277778
0.2,7,0.23590759790012683,9.736404320987656,0.32749999999999996,9.408904320987656
0.2,8,0.2253916511648486,5.196231404320987,0.3822222222222223,4.814009182098765
0.2,9,0.20174808505844405,12.22384241898148,0.6222222222222223,11.601620196759258
0.2,10,0.16831406503220744,11.711430381944446,1.0608333333333333,10.650597048611113
0.2,11,0.2190994943209491,8.387291666666666,0.22749999999999998,8.159791666666667
0.2,12,0.2102604940042521,12.173038194444445,0.4030555555555556,11.769982638888889
0.2,13,0.29362662919871363,2.458249691358025,0.6455555555555555,1.8126941358024693
0.2,14,0.23618750251421394,14.277978395061732,0.4875,13.790478395061731
0.2,15,0.18675654615746579,9.206328221450619,0.8322222222222223,8.374105999228396
0.2,16,0.2123288450248969,16.38324056712963,0.7941666666666666,15.589073900462962
0.2,17,0.21889654265883673,4.8395517746913574,0.5599999999999999,4.279551774691358
0.2,18,0.2171364990170912,12.091075906635803,0.2488888888888889,11.842187017746914
0.2,19,0.23260520710276977,11.858899691358024,0.6455555555555555,11.213344135802469
0.2,20,0.23060947737777948,10.388794367283952,0.48999999999999994,9.898794367283951
0.2,21,0.22685386502970178,7.001178703703704,0.5066666666666667,6.494512037037037
0.2,22,0.2273579211245027,11.788460165895064,0.36972222222222223,11.418737943672841
0.2,23,0.2272808542100922,19.0041,0.9697222222222222,18.034377777777777
0.2,24,0.21478136952460783,8.21496913580247,0.5275,7.68746913580247
0.2,25,0.24530226286090506,7.124473379629629,0.28305555555555556,6.841417824074074
0.2,26,0.20768985699258136,7.506983024691359,0.30305555555555563,7.203927469135803
0.2,27,0.24860004048825696,5.406595293209877,0.2697222222222223,5.136873070987654
0.2,28,0.23460085576929268,6.475132407407408,0.8888888888888888,5.586243518518518
0.25,0,0.25557782654626754,7.487407407407407,0.3497222222222222,7.137685185185185
0.2,29,0.250932601297493,15.90054598765432,0.7030555555555554,15.197490432098764
0.25,1,0.29700749260386067,12.376311728395063,0.41,11.966311728395063
0.25,2,0.2572652823434345,11.79891896219136,0.5955555555555555,11.203363406635804
0.25,3,0.288605694696218,25.028107638888887,0.3430555555555556,24.685052083333332
0.25,4,0.2629916928656544,12.990455246913582,0.4830555555555555,12.507399691358026
0.25,5,0.31535761407303037,11.59795524691358,0.24000000000000002,11.35795524691358
0.25,6,0.27626952813394035,11.939189332561728,0.46222222222222215,11.476967110339507
0.25,7,0.2653270420499366,2.1677835648148145,0.4475,1.7202835648148147
0.25,8,0.2965315814616056,8.189079552469135,0.38305555555555565,7.80602399691358
0.25,10,0.2359134403442798,16.805490432098768,0.8941666666666666,15.911323765432101
0.25,9,0.2601319381008957,26.046682407407403,1.0163888888888888,25.030293518518516
0.25,11,0.26896686346094745,11.294152083333335,0.378888888888889,10.915263194444446
0.25,12,0.2541955349111594,10.740462962962964,0.19555555555555557,10.544907407407408
0.25,13,0.34799664991802465,14.801141589506173,0.7497222222222222,14.051419367283952
0.25,14,0.289664282306369,13.474582851080246,0.33888888888888885,13.135693962191358
0.25,15,0.22594603528530777,16.34464652777778,0.8322222222222223,15.512424305555557
0.25,16,0.283756890212148,16.47899257330247,0.516388888888889,15.962603684413581
0.25,17,0.28038003361930464,3.880781462191358,0.48999999999999994,3.390781462191358
0.25,18,0.2603441120428356,10.891296296296298,0.24888888888888888,10.64240740740741
0.25,19,0.2815766426925975,22.797376543209875,0.46222222222222215,22.33515432098765
0.25,20,0.2681151612176594,6.868060108024692,0.6363888888888889,6.231671219135803
0.25,21,0.31846204883196966,13.006967592592593,0.24000000000000002,12.766967592592593
0.25,22,0.26996792732994174,12.80420524691358,0.48999999999999994,12.31420524691358
0.25,23,0.2624568661572682,12.491204552469137,0.648888888888889,11.842315663580248
0.25,24,0.25596648206943834,13.442962480709875,0.5655555555555556,12.87740692515432
0.25,25,0.2784752824550579,7.340993441358025,0.28305555555555556,7.0579378858024695
0.25,26,0.26044482579188283,11.212644675925924,0.40305555555555556,10.809589120370369
0.25,27,0.31207095778760624,8.662885802469138,0.26972222222222225,8.393163580246915
0.25,28,0.30721185908930787,26.071313580246912,0.7733333333333335,25.29798024691358
0.30000000000000004,0,0.3030918150466683,7.310895061728394,0.5599999999999999,6.750895061728395
0.25,29,0.3017440421501293,10.998770659722222,0.6722222222222223,10.3265484375
0.30000000000000004,1,0.34561643594225355,18.714575617283952,0.32888888888888884,18.38568672839506
0.30000000000000004,2,0.31560042530863935,18.704119135802465,1.676388888888889,17.027730246913578
0.30000000000000004,3,0.32984386150505,28.969928626543204,0.34305555555555556,28.62687307098765
0.30000000000000004,4,0.3211918209971037,15.38394097222222,0.5655555555555556,14.818385416666665
0.30000000000000004,5,0.3604963811139833,9.316765046296297,0.3430555555555556,8.973709490740742
0.30000000000000004,7,0.32634416651627246,8.545854552469136,0.3275,8.218354552469135
0.30000000000000004,6,0.3061097738521821,7.811757330246913,0.5155555555555557,7.296201774691358
0.30000000000000004,8,0.34103489092517236,6.610481172839506,0.5875,6.022981172839506
0.30000000000000004,9,0.29889298856153934,25.161191358024695,1.0163888888888888,24.144802469135808
0.30000000000000004,10,0.2776283275021354,18.743549305555558,0.8763888888888889,17.867160416666668
0.30000000000000004,12,0.3102325609832802,6.533950617283951,0.19555555555555557,6.338395061728395
0.30000000000000004,11,0.32900275566892556,9.51788331404321,0.3830555555555555,9.134827758487654
0.30000000000000004,13,0.3936910815810403,15.581416358024693,0.378888888888889,15.202527469135804
0.30000000000000004,14,0.32590389607402126,10.040693962191359,0.2275,9.81319396219136
0.30000000000000004,15,0.28898714586319385,8.618209182098765,0.5141666666666668,8.104042515432099
0.30000000000000004,16,0.3455098770050902,21.769328703703703,0.5155555555555557,21.25377314814815
0.30000000000000004,17,0.3272119685554029,16.458122222222222,0.49416666666666675,15.963955555555554
0.30000000000000004,18,0.324393420137644,10.719545351080246,0.5141666666666668,10.20537868441358
0.30000000000000004,19,0.3387802470565494,27.658464506172837,0.5655555555555556,27.092908950617282
0.30000000000000004,20,0.31110782275903875,11.478421585648148,0.4622222222222223,11.016199363425926
0.30000000000000004,21,0.36992115942631026,9.311990740740741,0.24000000000000002,9.071990740740741
0.30000000000000004,22,0.3346299081675233,10.700893441358025,0.43638888888888894,10.264504552469136
0.30000000000000004,23,0.31164542066319656,14.668300443672841,0.7733333333333334,13.894967110339508
0.30000000000000004,24,0.3000359697837306,14.610223765432098,0.5655555555555556,14.044668209876543
0.30000000000000004,25,0.34087093687560777,8.465653935185186,0.3475,8.118153935185186
0.30000000000000004,26,0.330328614477003,11.705825617283951,0.33888888888888885,11.366936728395062
0.30000000000000004,27,0.3468752395563631,8.163742283950615,0.2697222222222222,7.894020061728393
0.30000000000000004,28,0.37042508172080385,13.146431712962961,0.7733333333333335,12.373098379629628
0.30000000000000004,29,0.33676136936258333,10.216467515432099,0.6455555555555557,9.570911959876543
0.35000000000000003,0,0.3415237853770149,4.6355304783950615,0.6097222222222223,4.025808256172839
0.35000000000000003,1,0.3690048966166397,10.699409239969137,0.31222222222222223,10.387187017746914
0.35000000000000003,3,0.38116286021762497,18.949004629629634,0.24888888888888897,18.700115740740745
0.35000000000000003,2,0.3622930219263768,3.589351851851851,0.31222222222222223,3.277129629629629
0.35000000000000003,4,0.36945533454496154,5.477781925154322,0.3763888888888889,5.101393036265433
0.35000000000000003,5,0.39255358885652764,13.724548128858023,0.44555555555555565,13.278992573302467
0.35000000000000003,6,0.342299939928688,13.445335165895065,0.3474999999999999,13.097835165895065
0.35000000000000003,7,0.36151189582700405,7.450231481481482,0.5275,6.922731481481482
0.35000000000000003,8,0.3699996151237509,6.921370061728396,0.4830555555555555,6.438314506172841
0.35000000000000003,9,0.33904115451218114,23.088051678240742,0.9955555555555559,22.092496122685187
0.35000000000000003,10,0.32676253064208044,34.32238233024692,0.5655555555555556,33.75682677469136
0.35000000000000003,13,0.45555755229643435,7.463615046296295,0.5599999999999999,6.903615046296295
0.35000000000000003,12,0.3741570631187748,6.337847222222221,0.3475,5.990347222222221
0.35000000000000003,11,0.37831637779274385,9.366758950617283,0.8697222222222222,8.497036728395061
0.35000000000000003,14,0.3772742055533986,19.57295524691358,0.19555555555555557,19.377399691358026
0.35000000000000003,15,0.34385788211974916,10.211425752314815,0.7808333333333336,9.430592418981481
0.35000000000000003,16,0.39495618748185746,14.652981770833332,0.46222222222222215,14.19075954861111
0.35000000000000003,17,0.39938860385155517,30.878136091820984,0.378888888888889,30.499247202932096
0.35000000000000003,18,0.37166644056218767,12.578314332561728,0.5141666666666668,12.064147665895062
0.35000000000000003,19,0.3757073260606868,14.685761554783948,0.7497222222222222,13.936039332561727
0.35000000000000003,20,0.3468933618469675,20.781122202932096,0.35555555555555557,20.42556664737654
0.35000000000000003,21,0.40902737384066534,11.235964506172838,0.3697222222222221,10.866242283950616
0.35000000000000003,22,0.3733606036627801,12.312768441358024,0.5141666666666668,11.798601774691358
0.35000000000000003,23,0.3624884172417439,14.90374442515432,0.648888888888889,14.254855536265431
0.35000000000000003,24,0.3538304461857509,6.383156462191359,0.5875,5.795656462191358
0.35000000000000003,26,0.38332104210634094,15.068996913580248,0.36972222222222223,14.699274691358026
0.35000000000000003,25,0.3772978933254269,7.172098765432101,0.4,6.7720987654321005
0.35000000000000003,27,0.38974524607779165,16.0867650462963,0.33888888888888885,15.74787615740741
0.35000000000000003,28,0.4226503811949076,42.49149691358025,0.5163888888888888,41.97510802469136
0.35000000000000003,29,0.38841275300218503,11.856348070987652,0.6497222222222222,11.20662584876543
0.4,0,0.38720258753131054,5.796875,0.5599999999999999,5.236875
0.4,1,0.4122748713763027,11.241155478395061,0.28305555555555556,10.958099922839505
0.4,3,0.4272773626522811,3.1810860339506166,0.40305555555555556,2.778030478395061
0.4,2,0.39569097719156243,9.63109375,0.20972222222222223,9.421371527777778
0.4,4,0.40024154738440676,11.21581155478395,0.40555555555555556,10.810255999228396
0.4,5,0.43423253380494525,13.904413580246914,0.5655555555555556,13.338858024691358
0.4,6,0.4021667535099248,12.447962480709876,0.37888888888888883,12.069073591820986
0.4,7,0.4089573958209145,16.47976417824074,0.5163888888888889,15.96337528935185
0.4,8,0.4331817499223133,3.254178155006859,1.1608333333333336,2.0933448216735253
0.4,9,0.38960712883018916,20.8990737654321,0.728888888888889,20.17018487654321
0.4,10,0.38893036521728885,14.689109182098768,0.5141666666666668,14.174942515432102
0.4,11,0.43108427079794065,10.912018441358024,0.9122222222222222,9.999796219135801
0.4,12,0.4211402873603668,7.78636412037037,0.8322222222222223,6.954141898148148
0.4,13,0.49002963917470177,3.6053915895061723,0.2488888888888889,3.3565027006172836
0.4,14,0.4166794150844816,12.305738811728396,0.2697222222222223,12.036016589506174
0.4,15,0.40472902244138675,10.267373765432097,0.7733333333333334,9.494040432098764
0.4,16,0.42575650041323354,30.060666956018522,0.5955555555555556,29.465111400462966
0.4,17,0.44843555138952274,33.362984182098764,0.378888888888889,32.984095293209876
0.4,18,0.4234517464210691,13.090798128858026,0.3555555555555556,12.73524257330247
0.4,19,0.4276945027689265,22.943562326388893,0.9030555555555556,22.040506770833336
0.4,20,0.37841175377412095,20.58695987654321,0.35555555555555557,20.231404320987657
0.4,21,0.4475876777495639,12.653472222222222,0.3697222222222221,12.28375
0.4,22,0.41647258701338863,12.28620507330247,0.3822222222222223,11.903982851080249
0.4,23,0.40587560498101655,10.212550848765432,0.6497222222222223,9.56282862654321
0.4,24,0.3926055077700284,13.459193209876545,0.8322222222222223,12.626970987654323
0.4,26,0.40322133957819106,17.138117283950617,0.36972222222222223,16.768395061728395
0.4,25,0.4516346536795127,23.416643441358026,0.7030555555555554,22.713587885802472
0.4,27,0.4275241859107012,17.23436728395062,0.33888888888888885,16.89547839506173
0.4,28,0.4456683917901624,38.63109413580247,0.7733333333333334,37.85776080246914
0.4,29,0.4258709732763805,29.00851803626542,0.44972222222222213,28.5587958140432
0.45,0,0.4182239620198037,8.60972800925926,0.5599999999999999,8.04972800925926
0.45,1,0.4638348136298759,5.421168499228395,0.15999999999999998,5.261168499228395
0.45,3,0.467647656830129,13.172788869598763,0.32888888888888884,12.843899980709875
0.45,2,0.4448323757377113,5.696476774691358,0.9122222222222222,4.784254552469136
0.45,4,0.4266320664252232,12.442577758487653,0.40555555555555556,12.037022202932098
0.45,5,0.46864015199781106,15.872876157407406,0.40555555555555556,15.467320601851851
0.45,6,0.44862789681750115,14.628633777006174,0.37888888888888883,14.249744888117284
0.45,7,0.4573496211877299,14.125154320987653,0.5163888888888889,13.608765432098764
0.45,9,0.4199082489487924,24.5166200617284,0.7833333333333333,23.733286728395065
0.45,8,0.465686687417881,20.64613858024692,0.7833333333333333,19.862805246913585
0.45,10,0.4346478929827144,7.514180478395062,0.35555555555555557,7.158624922839507
0.45,11,0.5020166519155679,27.232093441358025,0.7141666666666667,26.517926774691357
0.45,12,0.45375513821084346,6.3506595486111115,0.8322222222222223,5.518437326388889
0.45,13,0.5151381082745901,6.222667515432099,0.43638888888888894,5.7862786265432105
0.45,14,0.45202766000367356,12.824351369598768,0.5655555555555556,12.258795814043213
0.45,15,0.4493999240855282,11.96538794367284,0.6222222222222223,11.343165721450617
0.45,16,0.47099861712400914,30.819365046296298,0.8697222222222222,29.949642824074076
0.45,17,0.47643361262169776,6.342820814043211,0.38305555555555565,5.959765258487655
0.45,18,0.45966429261099284,10.582499517746912,0.3697222222222221,10.21277729552469
0.45,19,0.47947183798567306,13.045958024691355,0.6455555555555555,12.4004024691358
0.45,20,0.43616931555987626,20.860408950617284,0.28305555555555556,20.577353395061728
0.45,21,0.5022957631452419,13.316075906635803,0.24000000000000002,13.076075906635802
0.45,22,0.46926272658248425,9.554538406635801,0.3830555555555556,9.171482851080246
0.45,23,0.441288024063792,6.6527172839506195,0.5097222222222222,6.1429950617283975
0.45,24,0.4514434421749468,10.339853395061729,0.7288888888888888,9.61096450617284
0.45,25,0.47365693049443847,14.638481172839505,0.8430555555555556,13.79542561728395
0.45,26,0.4365843071551555,29.266682098765436,0.36972222222222223,28.896959876543214
0.45,27,0.45649012020455193,22.76561728395062,0.33888888888888885,22.42672839506173
0.45,28,0.48821131589612765,10.053415432098767,0.9122222222222222,9.141193209876544
0.45,29,0.452034781972449,9.985844425154323,0.4030555555555556,9.582788869598767
0.5,0,0.4300697650273335,20.088123070987653,0.5599999999999999,19.528123070987654
0.5,1,0.5226576428346532,10.902399691358026,0.40555555555555556,10.49684413580247
0.5,3,0.5006289013086705,23.60201820987654,0.6030555555555556,22.998962654320984
0.5,2,0.4896570394988776,11.673012654320987,0.6030555555555556,11.069957098765432
0.5,4,0.4605346384971144,8.74866288580247,0.49888888888888877,8.249773996913582
0.5,5,0.49869716739109154,11.903155381944446,0.46222222222222215,11.440933159722224
0.5,6,0.4845245423090978,28.40899257330247,0.3474999999999999,28.06149257330247
0.5,7,0.46781512195872355,5.615297145061728,0.6455555555555554,4.969741589506173
0.5,9,0.47300032135311443,21.871597222222224,0.4,21.471597222222226
0.5,8,0.4867547256732404,16.678771296296297,0.7833333333333333,15.895437962962964
0.5,10,0.4587788783572967,14.474581712962962,0.3830555555555556,14.091526157407406
0.5,11,0.524884730644216,18.155275848765434,0.5155555555555557,17.63972029320988
0.5,12,0.48463682923689766,4.921477141203704,0.516388888888889,4.405088252314815
0.5,13,0.5190892040052155,9.426336400462963,0.5163888888888889,8.909947511574074
0.5,14,0.5174811460619858,11.253556925154319,0.6363888888888888,10.617168036265431
0.5,15,0.507044909542808,10.39570987654321,0.4,9.99570987654321
0.5,16,0.5092179075238296,26.074891493055556,0.46222222222222215,25.612669270833333
0.5,17,0.5073851722049223,9.128601774691358,0.9030555555555556,8.225546219135802
0.5,18,0.49537737027407924,15.291932388117283,0.35555555555555557,14.936376832561727
0.5,19,0.5254197723557974,10.002816358024692,0.46222222222222226,9.54059413580247
0.5,20,0.4874458950098972,8.799882330246914,0.34750000000000003,8.452382330246914
0.5,21,0.5200045855321803,5.84870949074074,0.4875,5.36120949074074
0.5,22,0.4815698528920113,12.10397337962963,0.5599999999999999,11.54397337962963
0.5,23,0.4903300537314187,13.636455555555553,0.5066666666666667,13.129788888888887
0.5,24,0.4948982458970238,26.58287152777778,1.5830555555555559,24.999815972222223
0.5,25,0.5033106111983339,12.820054320987655,0.728888888888889,12.091165432098766
0.5,26,0.4923256485218074,16.895993441358026,0.36972222222222223,16.526271219135804
0.5,27,0.4838156863653008,9.550752295524694,0.7941666666666668,8.756585628858026
0.5,29,0.4827784866779442,12.738286554783949,0.4030555555555556,12.335230999228394
0.5,28,0.512450646503059,5.830954826817558,1.5555555555555556,4.275399271262002
